"Rec No","Voyconid","Voyconvgeptr","Voyconcontainer","Voyconportorigin"
2,0,1601,"SMLU3563742    ",0
3,0,1631,"SMLU7864558    ",0
4,0,1632,"SMLU7864558    ",0
5,0,1597,"SEFU4505228    ",0
6,0,1633,"SEFU4504896    ",0
7,0,1634,"SEFU4504113    ",0
8,0,1635,"CGMU9295461    ",0
10,0,1625,"CGMU9295461    ",0
11,0,1636,"CGMU502275     ",0
12,0,1637,"SZLU9026307    ",0
13,0,1629,"SEFU4504896    ",0
14,0,1612,"SZLU9026307    ",0
15,0,1622,"SEFU4504073    ",0
16,0,1623,"CMAU4120354    ",0
17,0,1638,"GLDU0860683    ",0
18,0,1618,"SMLU7837594    ",0
19,0,1639,"GLDU0860683    ",0
20,0,1640,"SEFU4500397    ",0
21,0,1641,"SEFU4500397    ",0
22,0,1642,"ECMU9436266    ",0
23,0,1643,"SMLU7860948    ",0
24,0,1644,"CGMU4835356    ",0
25,0,1645,"TTNU1927623    ",0
26,0,1646,"FSCU6330185    ",0
27,0,1647,"TGHU6418119    ",0
28,0,1648,"SEFU4503797    ",0
29,0,1515,"SMLU7849511    ",0
30,0,1649,"SMLU7860681    ",0
31,0,1650,"FCIU8874390    ",0
32,0,1651,"ZCSU8706035    ",0
33,0,1652,"GESU5961263    ",0
34,0,1653,"SMLU7837594    ",0
35,0,1654,"DVRU1553981    ",0
36,0,1655,"ECMU9097115    ",0
37,0,1656,"SMLU7864555    ",0
38,0,1657,"SEFU4501460    ",0
39,0,1658,"SEFU4501460    ",0
40,0,1659,"TGHU6179312    ",0
41,0,1660,"SMLU7865934    ",0
42,0,1661,"SEFU4504324    ",0
43,0,1662,"AMFU8524332    ",0
44,0,1663,"CGMU5034900    ",0
45,0,1664,"SZLU9027279    ",0
46,0,1665,"TRLU1663432    ",0
47,0,1666,"FSCU9333228    ",0
48,0,1667,"SEFU4505969    ",0
49,0,1668,"TRLU7249538    ",0
50,0,1669,"SEFU4505022    ",0
51,0,1670,"TGHU9915227    ",0
52,0,1671,"TCNU9083866    ",0
53,0,1672,"FSCU6117415    ",0
54,0,1673,"SEFU4505022    ",0
55,0,1674,"SEFU4505022    ",0
56,0,1675,"SMLU7835436    ",0
57,0,1676,"TCNU8947439    ",0
58,0,1677,"SMLU7822212    ",0
59,0,1678,"SEFU4501048    ",0
60,0,1679,"SEFU4204707    ",0
61,0,1680,"GLDU7032633    ",0
62,0,1681,"FSCU6808612    ",0
63,0,1682,"BMOU2033200    ",0
64,0,1683,"SEFU4504643    ",0
65,0,1684,"FCIU3322649    ",0
66,0,1685,"GESU9151620    ",0
67,0,1686,"SEFU4504643    ",0
68,0,1687,"SEFU4505228    ",0
69,0,1688,"SMLU7832458    ",0
70,0,1689,"TRLU1721565    ",0
71,0,1690,"CLHU8211819    ",0
72,0,1691,"SMLU7853532    ",0
73,0,1692,"TRIU8823311    ",0
74,0,1693,"TGHU7470744    ",0
75,0,1694,"TGHU9119050    ",0
76,0,1695,"CRSU6117623    ",0
77,0,1697,"SEFU4501120    ",0
78,0,1698,"GESU9574534    ",0
79,0,1699,"SMLU7854570    ",0
80,0,1700,"CRSU6117623    ",0
81,0,1701,"FCIU8639533    ",0
82,0,1702,"SEFU4204158    ",0
83,0,1703,"SEFU4501120    ",0
84,0,1704,"SMLU7842559    ",0
86,0,1705,"SEFU4504582    ",0
87,0,1706,"TCKU9090198    ",0
88,0,1707,"TCLU5975656    ",0
89,0,1708,"TCNU9580760    ",0
91,0,1709,"SEFU4207711    ",0
92,0,1710,"SMLU7873307    ",0
93,0,1711,"FCIU8045450    ",0
94,0,1712,"CMAU5191985    ",0
95,0,1713,"SEFU4200846    ",0
96,0,1714,"SEFU4501855    ",0
97,0,1715,"SEFU4205302    ",0
98,0,1716,"TGHU858920     ",0
99,0,1717,"SEFU4502466    ",0
100,0,1718,"SEFU4502466    ",0
101,0,1719,"ZCSU8578103    ",0
102,0,1720,"TRIU8731766    ",0
103,0,1721,"FCIU9044680    ",0
104,0,1722,"SMLU7877909    ",0
105,0,1723,"TCKU9083882    ",0
106,0,1724,"SEFU4209231    ",0
107,0,1725,"SEFU4505151    ",0
108,0,1726,"FSCU6592740    ",0
109,0,1727,"UESU5014643    ",0
110,0,1728,"AMCU9201837    ",0
111,0,1729,"CAXU9389089    ",0
112,0,1730,"GLDU0777809    ",0
113,0,1731,"SEFU4205302    ",0
115,0,1732,"SEFU4202480    ",0
116,0,1733,"SMLU7877909    ",0
118,0,1735,"GESU6327309    ",0
119,0,1736,"SEFU4215635    ",0
120,0,1737,"SEFU4505721    ",0
121,0,1738,"TCNU9062082    ",0
122,0,1739,"SMLU7872506    ",0
123,0,1740,"TCNU9162836    ",0
124,0,1741,"SMLU7868390    ",0
126,0,1743,"BSIU9171059    ",0
127,0,1744,"GESU4508587    ",0
128,0,1745,"GESU4212281    ",0
129,0,1746,"CHIU9017715    ",0
130,0,1747,"BMOU4605049    ",0
131,0,1748,"AMFU8946847    ",0
132,0,1749,"ZCSU8445610    ",0
133,0,1750,"SEFU4505402    ",0
134,0,1751,"SEFU4505402    ",0
135,0,1752,"CAXU9371855    ",0
136,0,1753,"HLXU6335560    ",0
137,0,1754,"TCNU926590     ",0
138,0,1755,"SEFU4502234    ",0
139,0,1756,"FSCU7001374    ",0
140,0,1757,"TCLU5683171    ",0
141,0,1758,"SEFU4209165    ",0
142,0,1759,"SMLU7848855    ",0
143,0,1760,"SEFU4209165    ",0
144,0,1761,"SMLU7856892    ",0
145,0,1762,"TCNU6045224    ",0
146,0,1763,"SMLU7820605    ",0
147,0,1764,"TGHU8872753    ",0
148,0,1765,"CRSU6111440    ",0
149,0,1766,"ZCSU8585268    ",0
150,0,1767,"ZCSU8585268    ",0
151,0,1768,"SEFU4502260    ",0
152,0,1769,"CLHU8311124    ",0
153,0,1770,"FSCU9808787    ",0
154,0,1771,"ZCSU8362963    ",0
155,0,1772,"SEFU4504833    ",0
156,0,1773,"SEFU4502260    ",0
157,0,1774,"SEFU4200661    ",0
158,0,1775,"SEFU4500381    ",0
159,0,1776,"TRLU5620090    ",0
160,0,1777,"TCNU9548407    ",0
161,0,1778,"TRLU7170834    ",0
162,0,1779,"SEFU4505043    ",0
163,0,1780,"FCIU9354279    ",0
164,0,1781,"SMLU7864687    ",0
165,0,1782,"SEFU4203608    ",0
166,0,1783,"CAIU8548815    ",0
167,0,1784,"SMLU7853620    ",0
168,0,1785,"SMLU7823800    ",0
169,0,1786,"SEFU4505043    ",0
170,0,1787,"SEFU4505043    ",0
171,0,1788,"CMAU4024664    ",0
172,0,1789,"SMLU7816930    ",0
173,0,1790,"ZCSU8573821    ",0
174,0,1791,"SMLU7869415    ",0
175,0,1792,"SEFU4502867    ",0
176,0,1793,"SEFU4502867    ",0
177,0,1794,"TGHU3935247    ",0
178,0,1795,"AMFU8932627    ",0
179,0,1796,"AMFU8550310    ",0
180,0,1797,"TGHU8479978    ",0
181,0,1798,"TGHU8479978    ",0
182,0,1799,"TCNU9516293    ",0
183,0,1800,"TCNU8116625    ",0
184,0,1801,"BSIU9106726    ",0
185,0,1802,"ECMU9580463    ",0
186,0,1803,"SEFU4503098    ",0
187,0,1804,"SEFU4503098    ",0
188,0,1805,"SMLU7864753    ",0
189,0,1806,"SMLU7837207    ",0
190,0,1807,"GLDU7465232    ",0
191,0,1808,"SMLU7878320    ",0
192,0,1809,"SMLU7878320    ",0
193,0,1810,"CGMU4972620    ",0
194,0,1811,"ZCSU8468174    ",0
195,0,1812,"CGMU5012223    ",0
196,0,1813,"SEFU4504833    ",0
197,0,1814,"CLHU8456874    ",0
198,0,1816,"INKU2854037    ",0
199,0,1817,"FCIU8529048    ",0
200,0,1818,"SMLU7819203    ",0
201,0,1819,"CLHU8456874    ",0
202,0,1820,"SEFU4505022    ",0
205,0,1822,"TCLU6537741    ",0
206,0,1823,"ZCSU8890425    ",0
207,0,1824,"TGHU3935247    ",0
209,0,1826,"EASU9701448    ",0
212,0,1828,"TRLU6747135    ",0
213,0,1829,"SEFU4500864    ",0
214,0,1830,"SEFU4505022    ",0
215,0,1831,"SMLU7861965    ",0
216,0,1832,"GESU4816960    ",0
217,0,1827,"trgfh          ",0
218,0,1825,"ZCSU8533860    ",0
219,0,1821,"SEFU4500864    ",0
220,0,1833,"ZSU8891294     ",0
221,0,1834,"TCKU9669066    ",0
222,0,1835,"SMLU7876121    ",0
223,0,1836,"SEFU4503122    ",0
224,0,1837,"SMLU7856172    ",0
225,0,1838,"SEFU4503122    ",0
226,0,1839,"SEFU4508122    ",0
227,0,1840,"NEWBURGH       ",0
228,0,1841,"GESU6414379    ",0
229,0,1842,"SMLU7822568    ",0
230,0,1843,"NEW NEW        ",0
231,0,1844,"SEFU4503122    ",0
232,0,1845,"SEFU4503755    ",0
233,0,1846,"FSCU6584261    ",0
234,0,1847,"GESU6756957    ",0
235,0,1848,"TEMU6766344    ",0
236,0,1849,"SEFU4503755    ",0
237,0,1850,"CRLU1310188    ",0
238,0,1851,"CGMU5012223    ",0
239,0,1852,"FSCU6584261    ",0
240,0,1853,"SEFU4209550    ",0
241,0,1854,"CLHU8855581    ",0
242,0,1855,"PRSU2165605    ",0
243,0,1856,"TCNU9583141    ",0
244,0,1857,"SEFU4213102    ",0
245,0,1858,"TCNU9929949    ",0
246,0,1859,"SMLU7852916    ",0
247,0,1860,"SMLU7887960    ",0
248,0,1861,"FSCU6402834    ",0
249,0,1862,"SEFU4502511    ",0
250,0,1863,"SEFU4502511    ",0
251,0,1864,"INKU2854037    ",0
252,0,1865,"SMLU7868830    ",0
253,0,1866,"SMLU7858067    ",0
255,0,1868,"SMLU7876667    ",0
256,0,1869,"GLDU7618178    ",0
257,0,1870,"SEFU           ",0
258,0,1871,"ZCSU8885049    ",0
259,0,1872,"SMLU783009     ",0
260,0,1873,"GESU4912860    ",0
261,0,1874,"SMLU7830090    ",0
262,0,1875,"SMLU7830090    ",0
263,0,1876,"GESU4912860    ",0
264,0,1877,"SMLU7851000    ",0
265,0,1878,"FCIU8231238    ",0
266,0,1879,"UESU5219812    ",0
267,0,1880,"SEFU4210973    ",0
268,0,1881,"TCLU7223283    ",0
269,0,1882,"CAIU8469763    ",0
270,0,1883,"SEFU4210973    ",0
271,0,1884,"SEFU4210973    ",0
272,0,1885,"CRLU1365658    ",0
273,0,1886,"SMLU7842184    ",0
274,0,1887,"GVCU5034994    ",0
276,0,1889,"TEMU3303393    ",0
277,0,1890,"TEMU3303393    ",0
278,0,1891,"CRXU1351807    ",0
279,0,1892,"CMAU5890112    ",0
280,0,1893,"SMLU7822017    ",0
281,0,1894,"CAIU8153158    ",0
282,0,1895,"SEFU4502872    ",0
283,0,1896,"FSCU9050850    ",0
284,0,1897,"SMLU7873499    ",0
285,0,1898,"SMLU7820204    ",0
286,0,1899,"JXLU8653070    ",0
287,0,1900,"SEFU4505383    ",0
288,0,1901,"CAIU8483611    ",0
289,0,1902,"SEFU4504432    ",0
290,0,1903,"DFSU6470772    ",0
291,0,1904,"SEFU4502872    ",0
292,0,1905,"BSIU9062510    ",0
293,0,1906,"SEFU4502872    ",0
294,0,1907,"SMLU7851421    ",0
295,0,1908,"ZCSU8959579    ",0
296,0,1909,"FSCU9912410    ",0
297,0,1910,"DFSU6470772    ",0
298,0,1911,"CRXU9715467    ",0
299,0,1912,"GLDU7420916    ",0
300,0,1913,"TGHU947979     ",0
301,0,1914,"ECMU9732627    ",0
302,0,1915,"SMLU7848599    ",0
303,0,1916,"CMAU2100533    ",0
304,0,1917,"SMLU7870972    ",0
306,0,1919,"SMLU7851421    ",0
307,0,1920,"SMLU7876800    ",0
308,0,1921,"CLHU8846240    ",0
309,0,1922,"SMLU7864394    ",0
310,0,1923,"CLHU8846240    ",0
311,0,1924,"SEFU4214393    ",0
312,0,1925,"ZCSU8990471    ",0
313,0,1926,"SEFU4505280    ",0
314,0,1927,"ECMU9398802    ",0
316,0,1928,"ZCSU8990471    ",0
317,0,1929,"SMLU7829074    ",0
318,0,1918,"INKU2544350    ",0
319,0,1930,"FCIU4458326    ",0
320,0,1931,"CLHU8864990    ",0
321,0,1932,"TRLU7250550    ",0
322,0,1933,"SMLU7835333    ",0
323,0,1934,"GESU4995382    ",0
324,0,1935,"TCKU9655674    ",0
325,0,1936,"TCKU9661403    ",0
326,0,1937,"GESU5931274    ",0
327,0,1938,"SEFU4505228    ",0
328,0,1939,"UESU4745031    ",0
329,0,1940,"TCKU9013308    ",0
330,0,1941,"TRLU1624605    ",0
331,0,1942,"GLDU0709635    ",0
332,0,1943,"FCIU8463721    ",0
333,0,1944,"TGHU6049957    ",0
334,0,1945,"SEGU4014608    ",0
335,0,1946,"SMLU7843200    ",0
337,0,1948,"TCNU8018737    ",0
338,0,1949,"TGHU8430279    ",0
339,0,1950,"ZCSU2646535    ",0
340,0,1951,"BCIU9365761    ",0
341,0,1952,"NEWBURG        ",0
342,0,1953,"ZCSU8909844    ",0
343,0,1954,"FEST           ",0
344,0,1955,"CONTIN         ",0
345,0,1956,"GESU6901660    ",0
346,0,1957,"BHCU4973401    ",0
347,0,1958,"FCIU8460888    ",0
348,0,1959,"FCIU9354258    ",0
349,0,1947,"TTNU9434691    ",0
350,0,1960,"SMLU7802746    ",0
351,0,1961,"CGMU4945245    ",0
352,0,1962,"SMLU7829074    ",0
353,0,1963,"GLDU7406203    ",0
354,0,1964,"AMFU8844613    ",0
355,0,1965,"TRHU1940077    ",0
356,0,1966,"GESU6466644    ",0
357,0,1967,"SMLU7853743    ",0
358,0,1968,"TCNU5002887    ",0
359,0,1969,"SMLU2572960    ",0
360,0,1970,"FCIU8208428    ",0
361,0,1971,"SMLU7858473    ",0
362,0,1972,"SEFU4501217    ",0
364,0,1973,"AMCU9289540    ",0
366,0,1974,"TGHU9261194    ",0
367,0,1975,"FSCU7303224    ",0
368,0,1976,"FSCU7303224    ",0
369,0,1977,"SMLU8326285    ",0
370,0,1978,"SMLU8326285    ",0
371,0,1979,"AMFU8932627    ",0
372,0,1980,"AMFU8932627    ",0
373,0,1981,"TGHU9261194    ",0
374,0,1982,"SMLU7869333    ",0
375,0,1983,"SMLU4350175    ",0
376,0,1984,"TEMU9252523    ",0
377,0,1985,"TGHU9262462    ",0
378,0,1986,"CRSU9090655    ",0
379,0,1987,"ZCSU8696718    ",0
380,0,1988,"SMLU7881880    ",0
381,0,1989,"CMAU5560337    ",0
382,0,1990,"SMLU7842353    ",0
383,0,1991,"FCIU8354572    ",0
384,0,1992,"SEFU4500078    ",0
385,0,1993,"FSCU6606490    ",0
386,0,1994,"TRLU7254658    ",0
387,0,1995,"CMAU5560337    ",0
388,0,1996,"TGHU8350770    ",0
389,0,1997,"TCKU9890272    ",0
390,0,1998,"AMFU8844613    ",0
391,0,1999,"GESU6757608    ",0
392,0,2000,"SMLU7867773    ",0
393,0,2001,"TCNU8094850    ",0
394,0,2002,"SMLU7828437    ",0
395,0,2003,"CRLU6221566    ",0
396,0,2004,"CRSU9326397    ",0
397,0,2005,"SAXU4907299    ",0
398,0,2006,"SMLU786901     ",0
399,0,2007,"CRLU1812329    ",0
400,0,2008,"CRLU6221556    ",0
401,0,2009,"SAXU4907299    ",0
402,0,2010,"FSCU9911624    ",0
403,0,2011,"000            ",0
404,0,2012,"SEFU4213078    ",0
405,0,2013,"TCKU3110471    ",0
406,0,2014,"SMLU5102492    ",0
407,0,2015,"GESU6911863    ",0
408,0,2016,"SAXU4907299    ",0
409,0,2017,"CLHU3842766    ",0
410,0,2018,"CMAU4628767    ",0
411,0,2019,"BSIU9163984    ",0
412,0,2020,"SMLU7837573    ",0
413,0,2021,"SMLU7837573    ",0
414,0,2022,"CGMU4981809    ",0
415,0,2023,"SEFU4208195    ",0
416,0,2024,"TCNU9902188    ",0
417,0,2025,"TGHU6415845    ",0
418,0,2026,"ECMU9650690    ",0
419,0,2027,"5 ECON         ",0
420,0,2028,"ECMU9650690    ",0
421,0,2029,"BMOU9001822    ",0
422,0,2030,"CMAU2156830    ",0
423,0,2031,"GESU5961263    ",0
424,0,2032,"SEFU4500294    ",0
425,0,2033,"SEFU4502810    ",0
426,0,2034,"CMAU5648480    ",0
427,0,2035,"GLDU9943496    ",0
428,0,2036,"TCNU9284346    ",0
429,0,2037,"SEGU4851836    ",0
431,0,2039,"SEFU4503740    ",0
432,0,2040,"FSCU3597938    ",0
433,0,2041,"SMLU7858128    ",0
434,0,2042,"SMLU7892605    ",0
435,0,2043,"AMFU8923395    ",0
436,0,2044,"XINU1266681    ",0
437,0,2045,"TCKU9099127    ",0
438,0,2046,"SEFU4502363    ",0
439,0,2047,"ECMU9447086    ",0
440,0,2048,"ECMU9744103    ",0
442,0,2049,"TRLU7056884    ",0
443,0,2050,"SEFU4502363    ",0
444,0,2051,"SEFU4502363    ",0
445,0,2052,"BMOU9001822    ",0
446,0,2053,"SEFU4503523    ",0
447,0,2054,"SMLU7830218    ",0
448,0,2055,"CAIU2256098    ",0
449,0,2056,"SMLU2556064    ",0
450,0,2057,"SMLU7889284    ",0
451,0,2058,"DESCRIT        ",0
452,0,2059,"UFF12345677    ",0
454,0,2061,"ZCSU8683623    ",0
455,0,2062,"SEFU4503689    ",0
456,0,2063,"FSCU3464560    ",0
457,0,2064,"GESU5988794    ",0
458,0,2065,"SEFU4502050    ",0
459,0,2066,"HIPP A         ",0
460,0,2067,"TAYSHAUN       ",0
461,0,2068,"TRLU1623105    ",0
462,0,2069,"CAIU8264130    ",0
463,0,2070,"CAIU8264130    ",0
464,0,2071,"SMILE 11192    ",0
465,0,2072,"SEFU4501027    ",0
466,0,2073,"TCKU3560972    ",0
467,0,2074,"SMLU7817129    ",0
468,0,2075,"SMLU7885838    ",0
469,0,2076,"SMLU7831235    ",0
470,0,2077,"SMLU7825762    ",0
471,0,2078,"GESU4994663    ",0
472,0,2079,"SMLU7861158    ",0
474,0,2080,"AMCU9268234    ",0
475,0,2081,"PJ'S           ",0
477,0,2082,"ZCSU8753612    ",0
478,0,2083,"GESU9254736    ",0
479,0,2084,"SZLU9629595    ",0
480,0,2085,"SMLU7864368    ",0
481,0,2086,"SMLU8304413    ",0
483,0,2088,"UESU5052197    ",0
484,0,2089,"MAGU5748181    ",0
485,0,2090,"CMAU5794504    ",0
486,0,2091,"SMLU8304413    ",0
488,0,2092,"CMAU5794504    ",0
489,0,2087,"SMLU7852979    ",0
490,0,2093,"SMLU7848520    ",0
491,0,2094,"CAXU8127510    ",0
492,0,2095,"TRLU162310     ",0
493,0,2096,"SEFU4211780    ",0
494,0,2097,"TGHU7996359    ",0
495,0,2098,"CLHU8323146    ",0
496,0,2099,"SEFU4211780    ",0
497,0,2100,"FCIU9266455    ",0
498,0,2101,"AMFU8907305    ",0
499,0,2102,"CLHU832146     ",0
500,0,2103,"FCLU8135553    ",0
501,0,2104,"AMFU8907305    ",0
502,0,2105,"TRLU9670823    ",0
503,0,2106,"SEFU4501834    ",0
504,0,2107,"SMLU7870083    ",0
505,0,2108,"GLDU7446973    ",0
506,0,2109,"XINU8180424    ",0
507,0,2111,"               ",0
508,0,2112,"               ",0
511,0,2113,"SMLU7822341    ",0
512,0,2114,"               ",0
513,0,2115,"SMLU7871710    ",0
514,0,2116,"SEFU4503098    ",0
515,0,2117,"CAXU8014154    ",0
516,0,2118,"SEFU4214222    ",0
517,0,2119,"ZCSU8402080    ",0
519,0,2120,"CMAU5793880    ",0
520,0,2122,"SMLU7851490    ",0
521,0,2123,"BHCU4941019    ",0
522,0,2124,"FCIU8067654    ",0
523,0,2125,"FCIU8067654    ",0
524,0,2126,"FCIU8067654    ",0
525,0,2127,"CGMU4903851    ",0
526,0,2128,"SEFU4504237    ",0
527,0,2129,"SEFU4504237    ",0
528,0,2130,"SEFU4504237    ",0
529,0,2131,"JERMAIHA       ",0
530,0,2132,"JERMAIHA       ",0
531,0,2133,"SMLU7874854    ",0
532,0,2134,"SEFU4504237    ",0
533,0,2135,"CAIU8025692    ",0
534,0,2136,"               ",0
535,0,2137,"ECMU9943105    ",0
539,0,2139,"SMLU7842564    ",0
541,0,2140,"CAIU9230095    ",0
542,0,2141,"SMLU7830882    ",0
543,0,2142,"SMLU7875228    ",0
544,0,2143,"PAUL           ",0
545,0,2144,"ISL            ",0
546,0,2145,"SYD            ",0
547,0,2146,"GATU8505472    ",0
548,0,2147,"GATU8505472    ",0
549,0,2148,"TGHU7743221    ",0
550,0,2149,"2356498        ",0
551,0,2150,"FCIU8800123    ",0
553,0,2151,"FCIU8800123    ",0
554,0,2152,"FSCU9505559    ",0
555,0,2153,"GATU8505472    ",0
556,0,2154,"GESU5970687    ",0
557,0,2155,"TCNU8760624    ",0
558,0,2156,"DGTU9139472    ",0
559,0,2157,"CAXU9980717    ",0
560,0,2158,"CAXU9980717    ",0
562,0,2159,"CAXU9980717    ",0
563,0,2160,"SMLU7868430    ",0
564,0,2161,"BMOU5861940    ",0
565,0,2162,"TCNU8760624    ",0
567,0,2163,"TCNU8760624    ",0
568,0,2164,"SEFU4502949    ",0
569,0,2165,"SEFU2001640    ",0
572,0,2138,"SMLU7854380    ",0
573,0,2166,"DGTU9139472    ",0
575,0,2167,"CAIU8285391    ",0
576,0,2168,"SMLU7820879    ",0
577,0,2169,"SEFU4502614    ",0
578,0,2170,"SEFU4202263    ",0
579,0,2171,"SMLU4101330A   ",0
580,0,2172,"TCNU8904632    ",0
581,0,2173,"UESU4782539    ",0
582,0,2174,"TCNU4557181    ",0
583,0,2175,"FCIU9353966    ",0
584,0,2176,"TCLU8574338    ",0
585,0,2177,"TCLU8574338    ",0
586,0,2178,"1254664        ",0
587,0,2179,"TCLU8574338    ",0
588,0,2180,"FSCU9757587    ",0
589,0,2181,"SMLU2564650    ",0
590,0,2183,"SEFU4504052    ",0
591,0,2184,"BSIU9042508    ",0
592,0,2185,"SEFU4503117    ",0
593,0,2186,"ZCSU8909813    ",0
594,0,2187,"ZCSU8909813    ",0
595,0,2188,"TCLU8574338    ",0
596,0,2189,"SEFU4503117    ",0
597,0,2190,"TGHU8312091    ",0
598,0,2191,"CMAU5166745    ",0
599,0,2192,"UESU5264051    ",0
600,0,2193,"FSCU9643645    ",0
601,0,2194,"SMLU8308609    ",0
602,0,2195,"CAIU2179392    ",0
603,0,2196,"TGHU9285149    ",0
604,0,2197,"TGHU8312091    ",0
605,0,2198,"TGHU9285149    ",0
606,0,2199,"SMLU8305045    ",0
607,0,2200,"SEFU4504005    ",0
608,0,2201,"CLHU3760159    ",0
609,0,2202,"SEFU4504005    ",0
610,0,2203,"FSCU6502788    ",0
611,0,2204,"GESU5961263    ",0
612,0,2205,"SMLU7832740    ",0
616,0,2207,"SEFU4209653    ",0
617,0,2208,"SMLU7905338    ",0
618,0,2209,"TGHU8665885    ",0
619,0,2210,"GVCU5262850    ",0
620,0,2211,"SMLU7821941    ",0
621,0,2212,"SEFU4500078    ",0
622,0,2213,"SEFU4210628    ",0
623,0,2214,"SMLU7828503    ",0
624,0,2215,"SMLU7862658    ",0
625,0,2216,"SEFU4504366    ",0
626,0,2217,"SMLU7892890    ",0
627,0,2218,"AMFU8553583    ",0
628,0,2219,"SMLU7826590    ",0
629,0,2220,"FCIU9197035    ",0
630,0,2221,"CMAU5717940    ",0
631,0,2222,"TGHU8038740    ",0
632,0,2223,"FSCU989357     ",0
633,0,2224,"CMAU5717940    ",0
634,0,2225,"SMLU7860608    ",0
635,0,2226,"SEFU4208718    ",0
636,0,2227,"TCNU4858605    ",0
637,0,2228,"SEFU4208718    ",0
638,0,2229,"SMLU7872872    ",0
639,0,2230,"SEFU4500191    ",0
640,0,2231,"SMLU4153933    ",0
641,0,2232,"TCNU4858605    ",0
642,0,2233,"SMLU7825090    ",0
643,0,2234,"BSIU9767990    ",0
644,0,2235,"ECMU9387449    ",0
645,0,2236,"HLXU6534073    ",0
646,0,2237,"SMLU7859736    ",0
647,0,2238,"TCNU5329186    ",0
648,0,2239,"TGHU0690264    ",0
649,0,2240,"UESU5134356    ",0
650,0,2241,"SEFU4505640    ",0
652,0,2242,"TCLU6574880    ",0
653,0,2243,"GESU6939726    ",0
654,0,2244,"GLDU7275593    ",0
655,0,2245,"SMLU7827699    ",0
656,0,2246,"GESU6939726    ",0
657,0,2247,"SEFU4503457    ",0
658,0,2248,"SMLU7844546    ",0
659,0,2249,"CMAU0704909    ",0
660,0,2250,"5643760        ",0
661,0,2251," TCNU993248    ",0
662,0,2252,"CMAU4165282    ",0
663,0,2253,"CRXU9089830    ",0
664,0,2254,"SMLU2570545    ",0
665,0,2255,"ZCSU8509252    ",0
666,0,2256,"SMLU7892837    ",0
667,0,2257,"SMLU7829433    ",0
668,0,2258,"SMLU7901311    ",0
669,0,2259,"SMLU7829433    ",0
670,0,2260,"SEFU4501201    ",0
671,0,2261,"CAIU8104174    ",0
672,0,2262,"SMLU2564012    ",0
673,0,2263,"GESU6842530    ",0
674,0,2264,"TCNU4869575    ",0
675,0,2265,"CAIU8104174    ",0
676,0,2266,"SMLU7852433    ",0
677,0,2267,"TGHU8838131    ",0
678,0,2268,"HLXU8364417    ",0
679,0,2269,"GESU5487513    ",0
681,0,2270,"TGHU8534294    ",0
682,0,2271,"SEFU4202448    ",0
683,0,2272,"FCIU8506227    ",0
684,0,2273,"SMLU8313570    ",0
685,0,2274,"TCNU9936465    ",0
686,0,2275,"FCIU8537090    ",0
687,0,2276,"SMLU7968614    ",0
688,0,2277,"CMAU5998494    ",0
689,0,2278,"TCNU4869575    ",0
690,0,2279,"SMLU7883250    ",0
691,0,2280,"SMLU7866484    ",0
692,0,2281,"FCIU8506227    ",0
693,0,2282,"TGHU8852382    ",0
694,0,2283,"FCIU8398781    ",0
695,0,2284,"FSCU6237196    ",0
696,0,2285,"GESU5661163    ",0
697,0,2286,"SMLU7839853    ",0
698,0,2287,"TRHU3228570    ",0
699,0,2288,"SMLU7840284    ",0
700,0,2289,"SMLU8333788    ",0
701,0,2290,"SEFU4204414    ",0
703,0,2291,"ZCSU8216655    ",0
704,0,2292,"HLBU1358966    ",0
705,0,2293,"SMLU7868656    ",0
706,0,2294,"SMLU7841531    ",0
707,0,2295,"TRLU7280549    ",0
708,0,2296,"HLXU6475392    ",0
709,0,2297,"ZIMU1443825    ",0
710,0,2298,"SMLU7910334    ",0
711,0,2299,"FSCU9912410    ",0
712,0,2300,"GLDU7420942    ",0
713,0,2301,"FSCU9816170    ",0
714,0,2302,"ZCSU7051421    ",0
715,0,2303,"HLXU3522401    ",0
716,0,2304,"TGHU6253929    ",0
717,0,2305,"TGHU6253929    ",0
718,0,2306,"CRSU1069495    ",0
719,0,2307,"CAXU3286904    ",0
720,0,2308,"ZCSU8975040    ",0
721,0,2309,"SMLU7869098    ",0
722,0,2310,"SEFU4503098    ",0
723,0,2311,"SMLU7821073    ",0
724,0,2312,"SEFU4204369    ",0
725,0,2313,"FCIU8907575    ",0
726,0,2314,"TGHU8590718    ",0
727,0,2315,"GESU4802992    ",0
728,0,2316,"SMLU7835400    ",0
729,0,2317,"SEFU4210090    ",0
730,0,2318,"FCIU8907575    ",0
731,0,2319,"CAXU8180598    ",0
733,0,2320,"SEFU4505444    ",0
734,0,2321,"GESU3918611    ",0
735,0,2322,"GESU3918611    ",0
736,0,2323,"SMLU7865195    ",0
737,0,2324,"ZCSU8542604    ",0
738,0,2325,"GESU6386317    ",0
739,0,2326,"GESU6386317    ",0
740,0,2327,"GLDU5275969    ",0
741,0,2328,"ZCSU880041     ",0
742,0,2329,"SEFU4209191    ",0
743,0,2330,"SMLU7834002    ",0
744,0,2331,"AMFU8920979    ",0
745,0,2332,"SEFU4505070    ",0
747,0,2334,"SMLU7835797    ",0
748,1,2333,"FCIU9234680    ",0
749,0,2335,"TEMU6798320    ",0
750,0,2336,"CLHU8722681    ",0
751,0,2337,"HLXU8366934    ",0
752,0,2338,"SMLU7848048    ",0
753,0,2339,"GLDU3271497    ",0
754,0,2340,"TCKU2610765    ",0
755,0,2341,"SEFU4203491    ",0
756,0,2342,"GESU5457268    ",0
757,0,2343,"SEDU4256987    ",0
758,0,2344,"SMLU7847503    ",0
759,0,2345,"SEFU4202854    ",0
760,0,2346,"MAGU5468806    ",0
761,0,2347,"SMLU7853189    ",0
762,0,2348,"TCNU3228969    ",0
763,0,2349,"TCNU5415010    ",0
764,0,2350,"TGHU8281278    ",0
765,0,2351,"SMLU7831868    ",0
766,0,2352,"GESU5643663    ",0
767,0,2353,"SMLU2546317    ",0
768,0,2354,"CLHU8722681    ",0
769,0,2355,"TGHU8281278    ",0
770,0,2356,"TGHU8281278    ",0
772,0,2358,"GESU5643663    ",0
773,0,2359,"FSCU9469301    ",0
774,0,2360,"SMLU7910268    ",0
775,0,2361,"SMLU7863485    ",0
776,0,2362,"FSCU6590048    ",0
777,0,2363,"FSCU6590048    ",0
778,0,2364,"HLXU8056651    ",0
779,0,2365,"FSCU6590048    ",0
780,0,2366,"FSCU6590048    ",0
781,0,2367,"CRXU9949336    ",0
782,0,2368,"FSCU9553161    ",0
783,0,2369,"SMLU7865976    ",0
784,0,2370,"GLDU5479303    ",0
785,0,2371,"TGHU7363582    ",0
786,0,2372,"SMLU7826753    ",0
787,0,2373,"FSCU6560048    ",0
791,0,2374,"HLBU1580309    ",0
792,0,2375,"SMLU7847186    ",0
793,0,2376,"FCIU9106441    ",0
794,0,2377,"FCIU9106441    ",0
795,0,2378,"FSCU9890178    ",0
796,0,2379,"FSCU6542287    ",0
797,0,2380,"TGHU9117320    ",0
798,0,2381,"TCNU9706631    ",0
799,0,2382,"SMLU7876944    ",0
800,0,2383,"GLDU7100492    ",0
801,0,2384,"TCNU6746420    ",0
802,0,2385,"HLBU1580309    ",0
803,0,2386,"HLBU1580309    ",0
804,0,2387,"HLBU1580309    ",0
805,0,2388,"GATU8325974    ",0
806,0,2389,"TEM3185990     ",0
807,0,2390,"CMAU 582516    ",0
808,0,2391,"CAIU8255252    ",0
809,0,2392,"ZCSU8676389    ",0
810,0,2393,"SMLU7870503    ",0
811,0,2394,"SMLU7870503    ",0
812,0,2395,"SMLU7867264    ",0
813,0,2396,"TCNU6987638    ",0
814,0,2397,"HLXU8487622    ",0
815,0,2398,"HLXU8340170    ",0
817,0,2400,"HLXU8421348    ",0
818,0,2401,"SMLU7909396    ",0
819,0,2402,"SEFU4500587    ",0
820,0,2403,"TCNU6738240    ",0
821,0,2404,"TRLU6829357    ",0
822,0,2405,"ECMU4453954    ",0
823,0,2406,"SMLU7847442    ",0
824,0,2407,"SMLU7905960    ",0
825,0,2408,"SEFU4500782    ",0
826,0,2409,"SMLU7831298    ",0
827,0,2410,"SEFU2007463    ",0
828,0,2411,"SEFU4500782    ",0
829,0,2399,"TCLU8347421    ",0
830,0,2412,"TEMU9135785    ",0
831,0,2413,"SEFU4500782    ",0
832,0,2414,"TCNU9833913    ",0
833,0,2415,"GLDU0959700    ",0
834,0,2416,"CAXU9337151    ",0
835,0,2417,"SMLU7851294    ",0
836,0,2418,"HLBU1603111    ",0
837,0,2419,"SEFU4207898    ",0
838,0,2420,"TCLU5448491    ",0
839,0,2421,"SMLU7875070    ",0
840,0,2422,"CXDU1178086    ",0
841,0,2423,"TCNU6226095    ",0
842,0,2424,"TCNU9660443    ",0
843,0,2425,"FCIU8260534    ",0
844,0,2426,"SMLU7871177    ",0
846,0,2428,"SEFU4501048    ",0
847,0,2429,"SCIU8260534    ",0
848,0,2430,"00000000000    ",0
849,0,2431,"SMLU7871177    ",0
850,0,2432,"TGHU8003955    ",0
851,0,2433,"HLXU8128598    ",0
852,0,2434,"INKU6212729    ",0
853,0,2435,"SEFU4200450    ",0
854,0,2436,"SMLU7824827    ",0
855,0,2437,"SMLU7817134    ",0
856,0,2438,"SMLU7910479    ",0
857,0,2439,"TGHU7363582    ",0
858,0,2440,"HLBU1316641    ",0
859,0,2427,"GESU5328384    ",0
860,0,2441,"SMLU7824827    ",0
861,0,2442,"TGHU8606389    ",0
862,0,2443,"SEFU4502445    ",0
863,0,2444,"TGHU8606389    ",0
864,0,2445,"SMLU7819950    ",0
865,0,2446,"SMLU7910479    ",0
866,0,2447,"TCNU4241260    ",0
867,0,2448,"SEGU4017422    ",0
868,0,2449,"INKU6369847    ",0
869,0,2450,"SEGU4017422    ",0
870,0,2451,"FSCU6437379    ",0
871,0,2452,"FSCU9650834    ",0
872,0,2453,"TCKU3472418    ",0
874,0,2454,"SMLU7823456    ",0
875,0,2455,"SMLU788056     ",0
876,0,2456,"DFSU6633442    ",0
877,0,2457,"SMLU2566437    ",0
878,0,2458,"TCLU3266076    ",0
879,0,2459,"TCLU3266076    ",0
880,0,2460,"HLBU1551569    ",0
881,0,2461,"               ",0
882,0,2462,"FCIU3518631    ",0
884,0,2463,"TEMU7270908    ",0
885,0,2464,"FSCU6849904    ",0
886,0,2461,"SMLU7827699    ",0
887,0,2465,"FCIU8265243    ",0
888,0,2466,"FSCU6849904    ",0
889,0,2467,"ZCSU7051648    ",0
890,0,2468,"SMLU7849960    ",0
891,0,2469,"SMLU7833454    ",0
892,0,2470,"SMLU7891152    ",0
893,0,2471,"SEFU4503061    ",0
894,0,2472,"SMLU2550683    ",0
895,0,2473,"SMLU7833454    ",0
896,0,2474,"TCNU5330171    ",0
897,0,2475,"DFSU6633442    ",0
898,0,2476,"SMLU7817638    ",0
899,0,2477,"GVDU5042714    ",0
900,0,2478,"SMLU7843935    ",0
901,0,2479,"SMLU7882459    ",0
902,0,2480,"BMOU5540003    ",0
903,0,2481,"SMLU7826234    ",0
904,0,2482,"FSCU9121677    ",0
905,0,2483,"ZCSU7051648    ",0
906,0,2484,"SMLU7843935    ",0
907,0,2485,"               ",0
908,0,2486,"GESU5770164    ",0
909,0,2487,"SMLU7852048    ",0
910,0,2488,"SMLU7845537    ",0
911,0,2489,"SMLU7873987    ",0
912,0,2490,"SMLU7863818    ",0
913,0,2491,"SMLU7930367    ",0
914,0,2492,"SMLU7827940    ",0
915,0,2493,"SEFU4211964    ",0
916,0,2494,"BSIU9713843    ",0
917,0,2495,"HLXU8612771    ",0
918,0,2496,"HLBU1286207    ",0
919,0,2497,"FSCU9865806    ",0
920,0,2498,"HLBU1286207    ",0
922,0,2499,"GLDU5209545    ",0
923,0,2500,"UESUS512539    ",0
924,0,2501,"SEFU2006683    ",0
925,0,2502,"SMLU7577138    ",0
926,0,2503,"SMLU7891300    ",0
927,0,2504,"FGESU631729    ",0
928,0,2505,"TCNU4297464    ",0
929,0,2506,"SMLU7865976    ",0
930,0,2507,"TEMU7431480    ",0
931,0,2508,"SMLU2550560    ",0
932,0,2509,"SMLU7880923    ",0
933,0,2510,"SMLU7837892    ",0
934,0,2511,"TRLU5834301    ",0
935,0,2512,"GLDU0649048    ",0
936,0,2513,"BMOU5540003    ",0
937,0,2514,"TCLU5072491    ",0
938,0,2515,"BMOU5540003    ",0
939,0,2516,"SEFU4501752    ",0
940,0,2517,"XINU8017232    ",0
941,0,2518,"SMLU7866397    ",0
942,0,2519,"SMLU8324657    ",0
944,0,2521,"HLXU8272820    ",0
945,0,2522,"TCKU9875560    ",0
946,0,2523,"GESU5323886    ",0
947,0,2524,"CGMU9325550    ",0
948,0,2525,"CLHU8953870    ",0
949,0,2526,"FSCU9832232    ",0
950,0,2527,"TRLU8128042    ",0
951,0,2528,"GESU5424048    ",0
952,0,2529,"SMLU7894275    ",0
953,0,2530,"GLDU7166653    ",0
954,0,2531,"GLDU7166653    ",0
955,0,2532,"TCKU9832595    ",0
956,0,2533,"TCKU9229621    ",0
957,0,2534,"SEGU1422817    ",0
958,0,2535,"FSCU9019562    ",0
959,0,2536,"FCIU3205236    ",0
960,0,2537,"BSIU9035327    ",0
961,0,2538,"HLXU6339626    ",0
962,0,2539,"HLXU8592058    ",0
963,0,2540,"SMLU7903090    ",0
964,0,2541,"GATU8494803    ",0
965,0,2542,"TCNU9768675    ",0
966,0,2543,"SEFU4505980    ",0
967,0,2544,"SMLU7858806    ",0
968,0,2545,"SMLU7897510    ",0
969,0,2546,"SMLU787791     ",0
970,0,2547,"SMLU7877391    ",0
971,0,2548,"SMLU7832062    ",0
972,0,2549,"GATU1109741    ",0
973,0,2550,"FCIU8121992    ",0
974,0,2551,"FCIU8121992    ",0
975,0,2552,"ECMU9279948    ",0
976,0,2553,"SMLU7820077    ",0
977,0,2554,"FCIU8307159    ",0
978,0,2555,"GESU5998196    ",0
979,0,2556,"SMLU7840197    ",0
980,0,2557,"SMLU7840197    ",0
981,0,2558,"BSIU2454817    ",0
983,0,2559,"HLXU8378220    ",0
984,0,2560,"SMLU7907789    ",0
985,0,2561,"ECMU9473573    ",0
986,0,2562,"TCNU5491089    ",0
987,0,2563,"HLXU8378220    ",0
988,0,2564,"SMLU7848829    ",0
990,0,2566,"BMOU5536723    ",0
991,0,2567,"SMLU7848829    ",0
992,0,2568,"SMLU7848829    ",0
993,0,2569,"AMFU8884291    ",0
994,0,2570,"SMLU7915697    ",0
995,0,2571,"CMAU6012214    ",0
996,0,2572,"TCNU4341295    ",0
997,0,2573,"SMLU7818784    ",0
998,0,2574,"TCNU4290834    ",0
999,0,2575,"FCIU9344732    ",0
1000,0,2576,"FSCU9932463    ",0
1001,0,2577,"BMOU5543297    ",0
1002,0,2578,"SMLU7838395    ",0
1003,0,2579,"UESU4703484    ",0
1004,0,2580,"GLDU9884069    ",0
1005,0,2581,"FSCU7611464    ",0
1006,0,2582,"FCIU9109754    ",0
1007,0,2583,"SMLU8303850    ",0
1008,0,2584,"SMLU7852829    ",0
1009,0,2585,"SCZU5701108    ",0
1010,0,2586,"GESU4466500    ",0
1011,0,2587,"SMLU7858869    ",0
1012,0,2588,"SMLU8311979    ",0
1013,0,2589,"GATU8768273    ",0
1014,0,2590,"DRYU9017521    ",0
1015,0,2591,"SMLU7863309    ",0
1016,0,2592,"SMLU7907942    ",0
1017,0,2593,"DRYU9017521    ",0
1018,0,2594,"HLXU3200025    ",0
1019,0,2595,"CRSU9346937    ",0
1020,0,2596,"SUDU4710993    ",0
1021,0,2597,"FCIU8214210    ",0
1022,0,2598,"WCIU8013953    ",0
1023,0,2599,"CPSU6481457    ",0
1024,0,2600,"UESU4834843    ",0
1025,0,2601,"SMLU8324831    ",0
1026,0,2602,"ZCSU8618090    ",0
1027,0,2603,"BSIU9073330    ",0
1028,0,2604,"CGMU4994065    ",0
1029,0,2605,"FCIU8630109    ",0
1030,0,2606,"SMLU7829860    ",0
1031,0,2607,"SMLU7864033    ",0
1032,0,2608,"CAIU8170387    ",0
1033,0,2609,"CGMU4994065    ",0
1034,0,2610,"TTNU4492437    ",0
1035,0,2611,"ECMU9745901    ",0
1036,0,2612,"SMLU7923898    ",0
1037,0,2613,"SEGU4015754    ",0
1038,0,2614,"SMLU7920100    ",0
1039,0,2615,"HLXU8394670    ",0
1040,0,2616,"HLBU1578826    ",0
1041,0,2617,"SMLU7915486    ",0
1042,0,2618,"SUDU1321724    ",0
1043,0,2619,"CMAU1458203    ",0
1044,0,2620,"HLXU8050822    ",0
1045,0,2621,"SMLU7851890    ",0
1046,0,2622,"CMCU4963262    ",0
1047,0,2623,"SMLU7910479    ",0
1048,0,2624,"SMLU7910479    ",0
1049,0,2625,"HLXU8600195    ",0
1050,0,2626,"ZCSU8769157    ",0
1051,0,2627,"SMLU7910479    ",0
1052,0,2628,"HLXU8600195    ",0
1053,0,2629,"HASU1246103    ",0
1054,0,2630,"smlu7893652    ",0
1055,0,2631,"SMLU7853553    ",0
1056,0,2632,"UETU5017158    ",0
1057,0,2633,"HLXU7896524    ",0
1058,0,2634,"TEMU3641045    ",0
1059,0,2635,"SEGU4079888    ",0
1060,0,2636,"               ",0
1062,0,2637,"TCKU9208280    ",0
1063,0,2639,"TGHU8413902    ",0
1064,0,2638,"SMLU8307515    ",0
1065,0,2640,"INKU6098663    ",0
1066,0,2641,"TGHU8953095    ",0
1067,0,2642,"SMLU7839869    ",0
1068,0,2643,"HLXU8252802    ",0
1069,0,2644,"FCIU8115475    ",0
1070,0,2645,"ECMU9484808    ",0
1071,0,2646,"TCNU9784803    ",0
1073,2,2647,"TCNU9784803    ",0
1074,0,2648,"TGHU6417088    ",0
1075,0,2649,"SMLU7890599    ",0
1076,0,2650,"SEGU4079888    ",0
1077,0,2651,"HLBU1304234    ",0
1078,0,2652,"ZCSU8802300    ",0
1079,0,2653,"               ",0
1080,0,2654,"HLXU6468623    ",0
1081,0,2655,"CMAU4288097    ",0
1084,0,2656,"SMLU7830882    ",0
1085,0,2657,"SMLU4102055    ",0
1086,0,2658,"UESU5179366    ",0
1087,0,2659,"SMLU7836921    ",0
1088,0,2660,"SMLU7864500    ",0
1089,0,2661,"TCLU5260159    ",0
1090,0,2662,"ZCSU8717791    ",0
1092,0,2664,"SMLU7847904    ",0
1095,0,2665,"CMAU5938242    ",0
1096,0,2666,"BMOU5297207    ",0
1097,0,2667,"TGHU6427825    ",0
1098,0,2668,"TGHU6427825    ",0
1099,0,2669,"MGNU3310475    ",0
1100,0,2670,"ZCSU9828862    ",0
1101,0,2671,"GLDU0840162    ",0
1102,0,2672,"SMLU8330264    ",0
1103,0,2673,"CMAU5726449    ",0
1104,0,2674,"HLXU8102124    ",0
1105,0,2675,"HLXU8102124    ",0
1106,0,2676,"SMLU8330264    ",0
1107,0,2677,"UESU5077277    ",0
1108,0,2678,"CXDU1959027    ",0
1109,0,2679,"SMLU7912390    ",0
1110,0,2680,"TCNU7255945    ",0
1111,0,2681,"TCNU4870318    ",0
1112,0,2682,"               ",0
1120,0,2683,"CAIU8465177    ",0
1121,0,2684,"TEMU7885348    ",0
1122,0,2685,"GESU5257634    ",0
1123,0,2686,"CAIU8465177    ",0
1128,0,2687,"UESU5179366    ",0
1129,0,2688,"SMLU2573185    ",0
1130,0,2689,"SMLU8303720    ",0
1131,0,2690,"SMLU7896576    ",0
1132,0,2691,"SMLU8303720    ",0
1133,0,2692,"SMLU3103083    ",0
1134,0,2693,"SMLU7876055    ",0
1135,0,2694,"TCLU9552992    ",0
1136,0,2695,"GESU6409691    ",0
1137,0,2696,"GESU6409691    ",0
1138,0,2697,"TCNU4241953    ",0
1139,0,2698,"HLXU6483757    ",0
1140,0,2699,"FSCU9573450    ",0
1141,0,2700,"GLDU7212487    ",0
1142,0,2701,"SMLU7878377    ",0
1143,0,2702,"BSIU9547491    ",0
1145,0,2704,"ZIMU2863062    ",0
1147,0,2706,"SMLU8332190    ",0
1148,0,2707,"TCNU9318098    ",0
1149,0,2708,"ECMU9326720    ",0
1150,0,2709,"TCNU9288470    ",0
1151,0,2703,"SMLU7929812    ",0
1153,0,2710,"SMLU7867916    ",0
1154,0,2711,"FCIU8465935    ",0
1155,0,2712,"SMLU7867916    ",0
1156,0,2713,"ECMU8034093    ",0
1157,0,2714,"TGHU8066830    ",0
1158,0,2715,"FSCU9090703    ",0
1159,0,2716,"FCIU8937100    ",0
1160,0,2717,"TGHU6431933    ",0
1161,0,2718,"ZCSU8914424    ",0
1162,0,2719,"TGHU8005177    ",0
1163,0,2721,"CMAU2142800    ",0
1164,0,2722,"FSCU9279220    ",0
1166,0,2724,"FCIU8880664    ",0
1167,0,2725,"CMCU4960263    ",0
1168,0,2726,"SMLU7838461    ",0
1170,0,2728,"SMLU7864305    ",0
1171,0,2727,"SMLU7908358    ",0
1172,0,2729,"TRHU2873775    ",0
1173,0,2730,"GLDU7084262    ",0
1174,0,2731,"GLDU7449313    ",0
1175,0,2732,"CRSU9012971    ",0
1177,0,2733,"ECMU9337330    ",0
1178,0,2734,"ECMU9448220    ",0
1179,0,2735,"ECMU9337330    ",0
1180,0,2736,"HLBU1632491    ",0
1182,0,2737,"UESU4653439    ",0
1183,0,2738,"TGHU8031582    ",0
1185,0,2740,"CPSU6046399    ",0
1186,0,2741,"SMLU7872851    ",0
1187,0,2742,"SMLU7912240    ",0
1188,0,2743,"TCLU6601178    ",0
1189,0,2744,"CMAU5540578    ",0
1191,0,2746,"CAIU9011203    ",0
1192,0,2747,"CPSU6046399    ",0
1193,0,2748,"HLBU1288616    ",0
1194,0,2749,"TCNU5370810    ",0
1195,0,2750,"SMLU7916630    ",0
1197,0,2752,"TGHU7697717    ",0
1198,0,2753,"SMLU7882973    ",0
1200,0,2754,"TCKU9328250    ",0
1201,0,2755,"SMLU7882973    ",0
1202,0,2757,"HLBU1288616    ",0
1203,0,2758,"SMLU7879326    ",0
1204,0,2745,"BMOU2034038    ",0
1205,0,2759,"SMLU7879326    ",0
1206,0,2760,"SMLU7920590    ",0
1207,0,2761,"INKU2315478    ",0
1208,0,2762,"CAIU8467499    ",0
1209,0,2763,"TCNU8930631    ",0
1210,0,2764,"CAIU9011203    ",0
1212,0,2766,"SMLU7917555    ",0
1213,0,2767,"SMLU7912384    ",0
1214,0,2768,"SMLU7923795    ",0
1215,0,2769,"TEMU6958434    ",0
1216,0,2770,"SMLU7822043    ",0
1217,0,2771,"CXDU1798116    ",0
1218,0,2772,"TCNU8930631    ",0
1219,0,2765,"CAIU8467499    ",0
1220,0,2773,"UESU5074806    ",0
1221,0,2774,"GATU8684629    ",0
1222,0,2775,"FCIU3648569    ",0
1223,0,2776,"CAIU9011203    ",0
1224,0,2778,"TG             ",0
1225,0,2777,"CMAU4769810    ",0
1226,0,2779,"CGMU4912787    ",0
1227,0,2780,"SMLU7879054    ",0
1228,0,2781,"SMLU7913734    ",0
1230,0,2783,"SMLU7830244    ",0
1231,0,2784,"SMLU7915640    ",0
1232,0,2782,"CAXU9389089    ",0
1233,0,2785,"SMLU7915640    ",0
1235,0,2787,"SMLU7903058    ",0
1236,0,2788,"TGCU0065295    ",0
1237,0,2789,"CPSU6459978    ",0
1238,0,2790,"TCKU9243738    ",0
1239,0,2791,"GVCU5297408    ",0
1241,0,2786,"CMAU1603092    ",0
1242,0,2792,"TRIU8734636    ",0
1243,0,2793,"INKU6207147    ",0
1244,0,2794,"INKU6207147    ",0
1245,0,2795,"SMLU7835380    ",0
1246,0,2796,"SMLU7912661    ",0
1248,0,2798,"GESU4994339    ",0
1249,0,2799,"BMOU4522941    ",0
1251,0,2801,"ECMU8087771    ",0
1252,0,2802,"CMCU4968639    ",0
1253,0,2803,"ZCSU8618905    ",0
1254,0,2804,"HLXU6543898    ",0
1255,0,2805,"ECMU9133568    ",0
1256,0,2800,"SMLU7849912    ",0
1257,0,2806,"TGHU6415845    ",0
1258,0,2807,"FSCU6215767    ",0
1259,0,2808,"SMLU7914577    ",0
1264,0,2811,"CMAU4743457    ",0
1265,0,2812,"HLXU8465840    ",0
1266,0,2813,"SMLU7871900    ",0
1267,0,2810,"SMLU7930325    ",0
1268,0,2809,"SMLU8322356    ",0
1269,0,2814,"CMAU4099088    ",0
1270,0,2815,"HLXU8465840    ",0
1272,0,2817,"FSCU9182780    ",0
1274,0,2818,"SMLU7901986    ",0
1275,0,2819,"FSCU9182780    ",0
1276,0,2816,"GESU4375946    ",0
1277,0,2820,"TCNU8089330    ",0
1278,0,2821,"SMLU2544660    ",0
1280,0,2822,"BSIU9076323    ",0
1283,0,2825,"TGHU9240653    ",0
1284,0,2826,"TCNU8721626    ",0
1285,0,2827,"HLXU8622023    ",0
1287,0,2829,"MFTU9110160    ",0
1288,0,2830,"CMAU5931839    ",0
1289,0,2831,"TEMU6802159    ",0
1290,0,2832,"CLHU8773328    ",0
1291,0,2823,"SMLU7844926    ",0
1292,0,2833,"CRSU9230063    ",0
1295,0,2836,"CMAU4283752    ",0
1296,0,2837,"ECMU9309240    ",0
1297,0,2835,"BMOU4438276    ",0
1298,0,2838,"HLBU1599270    ",0
1299,0,2834,"FCIU8837652    ",0
1300,0,2839,"HLXU8622033    ",0
1302,4,2824,"CMAU4408736    ",0
1303,0,2841,"SMLU7902616    ",0
1305,0,2842,"SMLU7910606    ",0
1306,0,2828,"HLXU8622023    ",0
1308,0,2844,"TCNU9877315    ",0
1309,0,2845,"SMLU7889387    ",0
1310,0,2846,"ZCSU8564692    ",0
1311,0,2847,"CMAU4346850    ",0
1312,0,2848,"TEMU8526595    ",0
1314,0,2850,"GLDU7050200    ",0
1315,0,2851,"TGHU9522430    ",0
1316,0,2852,"TGHU9522430    ",0
1317,0,2853,"SMLU7933598    ",0
1318,0,2854,"SMLU7882382    ",0
1320,0,2855,"TCNU5849212    ",0
1321,0,2856,"UETU5283250    ",0
1322,0,2840,"TEMU8526596    ",0
1323,0,2849,"CAIU8067492    ",0
1324,0,2843,"TCNU9499690    ",0
1325,0,2857,"TLCU9555780    ",0
1326,0,2858,"SMLU7878166    ",0
1327,0,2859,"CMAU5991709    ",0
1328,0,2860,"CXDU1878476    ",0
1329,0,2861,"SMLU7910967    ",0
1330,0,2862,"GLDU7571677    ",0
1331,0,2863,"CMAU5991709    ",0
1333,0,2865,"BSIU9038278    ",0
1334,0,2866,"JINU4500886    ",0
1336,0,2868,"TGHU9037820    ",0
1337,0,2869,"SMLU7903910    ",0
1338,0,2870,"SEFU4209648    ",0
1339,0,2871,"TEMU7484710    ",0
1340,0,2872,"TCLU6529535    ",0
1341,0,2873,"TCNU8204536    ",0
1342,0,2875,"TGBU5058839    ",0
1343,0,2874,"CRSU6095843    ",0
1344,0,2876,"SMLU7918567    ",0
1345,0,2877,"SMLU7892396    ",0
1346,0,2867,"TCNU9160514    ",0
1348,0,2878,"CLHU8456642    ",0
1349,0,2879,"TCKU9664001    ",0
1350,0,2880,"HLXU8360849    ",0
1351,0,2881,"SMLU7869591    ",0
1353,0,2883,"SMLU4659355    ",0
1355,0,2885,"HLXU8559342    ",0
1356,0,2882,"SMLU7890691    ",0
1358,0,2887,"HLXU8548918    ",0
1360,0,2889,"HLXU6250776    ",0
1361,0,2890,"ZCSU7095585    ",0
1362,0,2891,"SMLU2540284    ",0
1363,0,2892,"HLXU6250776    ",0
1364,0,2893,"SMLU7861970    ",0
1365,0,2894,"HLBU1306941    ",0
1366,0,2895,"ZIMU2867659    ",0
1367,0,2896,"TCLU8072936    ",0
1368,0,2897,"HLBU1306941    ",0
1369,0,2898,"SMLU7874577    ",0
1370,0,2899,"CAIU9223481    ",0
1371,0,2900,"SMLU7824215    ",0
1372,0,2901,"TGHU8572139    ",0
1373,0,2902,"SMLU2569380    ",0
1374,0,2903,"SMLU2569380    ",0
1375,0,2904,"SMLU2569380    ",0
1376,0,2905,"FSCU6148376    ",0
1377,0,2906,"SMLU7897361    ",0
1378,0,2907,"SMLU7854082    ",0
1379,0,2908,"SMLU7838991    ",0
1380,0,2864,"CGMU9402195    ",0
1381,0,2909,"SMLU7872996    ",0
1382,0,2910,"SMLU7936998    ",0
1383,0,2911,"HLXU8185535    ",0
1384,0,2912,"TGHU7922058    ",0
1385,0,2913,"HLBU1328133    ",0
1386,0,2914,"HLBU1080303    ",0
1387,0,2915,"HLXU6580567    ",0
1388,0,2916,"SMLU7890460    ",0
1389,0,2917,"ECMU9695499    ",0
1390,0,2888,"TGHU9090867    ",0
1391,0,2918,"SMLU7916271    ",0
1392,0,2919,"UXXU2266873    ",0
1393,0,2920,"SMLU7869591    ",0
1394,0,2922,"HLXU6455230    ",0
1395,0,2923,"HLXU8414230    ",0
1396,0,2924,"TCKU9038950    ",0
1397,0,2925,"SMLU7901306    ",0
1398,0,2926,"BSIU9687467    ",0
1399,0,2927,"SMLU7901306    ",0
1400,0,2928,"UXXU2266873    ",0
1401,0,2929,"SEGU5081431    ",0
1402,0,2930,"HLBU1328133    ",0
1403,0,2931,"HLXU8588736    ",0
1404,0,2932,"FSCU9808787    ",0
1405,0,2933,"ECMU9531345    ",0
1406,0,2934,"TCKU9038950    ",0
1407,0,2935,"CAIU8929318    ",0
1408,0,2936,"TGHU9414375    ",0
1409,0,2937,"SMLU7937994    ",0
1410,0,2938,"DFSU6865520    ",0
1411,0,2939,"SMLU3107617    ",0
1412,0,2940,"CMAU2095329    ",0
1413,0,2941,"ZCSU8865058    ",0
1414,0,2942,"SMLU7920482    ",0
1415,0,2943,"ECMU8061519    ",0
1416,0,2944,"HLXU8505454    ",0
1417,0,2945,"CGMU9387758    ",0
1418,0,2946,"ZCSU7002113    ",0
1419,0,2947,"TCNU6022804    ",0
1420,0,2948,"SMLU2554565    ",0
1421,0,2949,"SMLU7909673    ",0
1422,0,2950,"CMAU2095329    ",0
1423,0,2951,"DFSU6223999    ",0
1424,0,2952,"CRSU9253639    ",0
1425,0,2953,"BSIU9074531    ",0
1426,0,2954,"SMLU7934510    ",0
1428,0,2957,"HLXU8263746    ",0
1429,0,2958,"BMOU6724290    ",0
1430,0,2959,"SMLU7941696    ",0
1431,0,2960,"FCIU8788157    ",0
1432,0,2955,"FCIU9370726    ",0
1433,0,2961,"HLBU1496100    ",0
1434,0,2962,"TCLU5671695    ",0
1435,0,2963,"BMOU6724290    ",0
1436,0,2964,"SMLU7839283    ",0
1437,0,2965,"CAIU8472432    ",0
1438,0,2966,"TCLU1502763    ",0
1439,0,2967,"ECMU9605556    ",0
1440,0,2968,"CRXU9818510    ",0
1441,0,2969,"SMLU7843555    ",0
1442,0,2970,"00000000000    ",0
1443,0,2971,"DRYU4528051    ",0
1444,0,2972,"SMLU7890428    ",0
1445,0,2973,"GESU6478917    ",0
1446,0,2974,"SMLU7891527    ",0
1447,0,2975,"SMLU7825823    ",0
1448,0,2976,"SMLU2604856    ",0
1449,0,2977,"HLXU8624875    ",0
1450,0,2978,"HLXU8624875    ",0
1451,0,2979,"CMAU5766293    ",0
1452,0,2980,"CMCU4970174    ",0
1454,0,2982,"SMLU7933303    ",0
1455,0,2983,"SMLU7920693    ",0
1456,0,2981,"CAIU8061766    ",0
1457,0,2984,"SMLU2572419    ",0
1458,0,2985,"DRYU4509030    ",0
1459,0,2986,"TGHU6065990    ",0
1460,0,2987,"BSIU9318617    ",0
1463,0,2990,"SEGU5625474    ",0
1465,0,2992,"FCIU8954957    ",0
1466,0,2993,"ECMU8042648    ",0
1467,0,2994,"SMLU2543468    ",0
1468,0,2995,"SMLU7916060    ",0
1470,0,2997,"HLXU8404757    ",0
1471,0,2998,"SMLU7940719    ",0
1472,0,2988,"SMLU7835713    ",0
1473,0,2989,"SEGU5625474    ",0
1474,0,2999,"DRYU4509637    ",0
1475,0,3000,"TGHU9264130    ",0
1477,0,3002,"SMLU7922166    ",0
1479,0,3004,"TRIU8652374    ",0
1480,0,3003,"SMLU7914279    ",0
1481,0,2991,"TCLU9794595    ",0
1482,0,3005,"SEGU4011487    ",0
1483,0,3006,"TGHU8254441    ",0
1487,0,2996,"CMAU4998587    ",0
1488,0,3010,"HLXU8192508    ",0
1489,0,3011,"HLBU1421565    ",0
1490,0,3012,"SMLU7923706    ",0
1491,0,3013,"FCIU926451     ",0
1492,0,3009,"SMLU7835082    ",0
1493,0,3014,"CMAU0587016    ",0
1495,0,3008,"SMLU4302623    ",0
1496,0,3015,"ECMU8080524    ",0
1498,0,3017,"TGHU6416121    ",0
1499,0,3007,"HLXU8197500    ",0
1500,0,3018,"SMLU7909668    ",0
1501,0,3019,"CPSU6479655    ",0
1502,0,3020,"HLXU8352294    ",0
1503,0,3021,"ECC55661111    ",0
1504,0,3001,"BSIU9162015    ",0
1505,0,3022,"CSRU6112339    ",0
1507,0,3023,"FSCU8166790    ",0
1508,0,3016,"SMLU7903628    ",0
1509,0,3024,"SMLU7902215    ",0
1512,0,3027,"CMCU4965943    ",0
1513,0,3028,"HLXU8192508    ",0
1514,0,3029,"CRSU9299769    ",0
1515,0,3030,"CRSU9230422    ",0
1516,0,3031,"HLXU8352294    ",0
1518,0,3032,"SMLU7893582    ",0
1520,0,3034,"BMOU6079004    ",0
1521,0,3035,"SMLU7884050    ",0
1522,0,3036,"CRSU9230422    ",0
1523,0,3037,"TCNU8017999    ",0
1525,0,3039,"SEFU2012135    ",0
1527,0,3041,"MSCU6267644    ",0
1528,0,3026,"GESU6300801    ",0
1529,0,3025,"HLXU6396185    ",0
1530,0,3040,"SMLU7839215    ",0
1531,0,3042,"SMLU7895435    ",0
1532,0,3043,"TGHU9311084    ",0
1533,0,3044,"SMLU7848135    ",0
1534,0,3045,"TRIU8823862    ",0
1535,0,3046,"HLXU6528574    ",0
1536,0,3033,"FSCU6533650    ",0
1537,0,3047,"APHU4672057    ",0
1540,0,3049,"SMLU7936956    ",0
1541,0,3050,"SMLU7926984    ",0
1542,0,3051,"SMLU7853975    ",0
1543,0,3052,"TCLU5092271    ",0
1544,0,3053,"FCIU8388799    ",0
1545,0,3054,"SMLU7840598    ",0
1546,0,3055,"SEGU5659540    ",0
1547,0,3056,"SMLU7874957    ",0
1548,0,3057,"TCNU9946592    ",0
1549,0,3048,"HLXU6494601    ",0
1550,0,3038,"HLXU6494601    ",0
1551,0,3058,"AMFU8711420    ",0
1552,0,3059,"HLBU1169849    ",0
1553,0,3060,"HLBU1169849    ",0
1554,0,3061,"BEAU4111709    ",0
1555,0,3062,"ZCSU8946170    ",0
1556,0,3063,"ECMU8137980    ",0
1558,0,3065,"SMLU7885930    ",0
1559,0,3064,"SEGU4287900    ",0
1560,0,3066,"FCIU8011110    ",0
1561,0,3067,"TCNU7467651    ",0
1562,0,3068,"SMLU2565810    ",0
1564,0,3069,"SEGU6192018    ",0
1565,0,3070,"SMLU7942970    ",0
1566,0,3071,"TCLU8112812    ",0
1567,0,3072,"SEGU5770003    ",0
1568,0,3073,"FSCU6943417    ",0
1569,0,3074,"SMLU3123897    ",0
1572,0,3077,"ECMU8114748    ",0
1576,0,3080,"HLXU8154302    ",0
1578,0,3082,"ECMU9280912    ",0
1579,0,3083,"RFCU4035865    ",0
1580,0,3084,"GESU5030574    ",0
1581,0,3076,"GESU5030574    ",0
1582,0,3079,"BEAU4104417    ",0
1583,0,3085,"BEAU4104417    ",0
1584,0,3075,"APHU4629955    ",0
1585,0,3086,"BMUO4533740    ",0
1586,0,3087,"HLXU1380714    ",0
1587,0,3081,"APHU4627166    ",0
1588,0,3088,"ECMU8160722    ",0
1589,0,3089,"SMLU3119916    ",0
1590,0,3090,"SMLU7900803    ",0
1591,0,3091,"CMAU4965686    ",0
1592,0,3078,"HLXU8208796    ",0
1593,0,3092,"GESU5891485    ",0
1594,0,3093,"TRLU9092026    ",0
1596,0,3095,"SMLU7865433    ",0
1597,0,3096,"SMLU2569333    ",0
1598,0,3097,"SMLU7851083    ",0
1599,0,3098,"SMLU7867773    ",0
1600,0,3099,"SMLU7909312    ",0
1601,0,3100,"FSCU6750130    ",0
1602,0,3102,"ECMU8165489    ",0
1604,0,3101,"SMLU7939575    ",0
1605,0,3094,"HLXU6442254    ",0
1606,0,3103,"SMLU7874514    ",0
1608,0,3104,"GESU6197735    ",0
1609,0,3105,"SMLU7936914    ",0
1610,0,3106,"GESU5149028    ",0
1611,0,3107,"GESU6312171    ",0
1612,0,3108,"SMLU7938049    ",0
1613,0,3109,"GESU6312171    ",0
1614,0,3110,"CAIU9301162    ",0
1615,0,3111,"GESU5054560    ",0
1617,0,3113,"SMLU7859905    ",0
1618,0,3114,"FCIU8125180    ",0
1619,0,3112,"SMLU7914751    ",0
1620,0,3115,"UESU5264323    ",0
1621,0,3116,"LPL5555555     ",0
1622,0,3117,"GESU6312171    ",0
1623,0,3118,"TCNU5779917    ",0
1624,0,3119,"HLXU8513552    ",0
1625,0,3120,"BMOU6002300    ",0
1627,0,3122,"FCIU9219200    ",0
1628,0,3121,"SEGU5035565    ",0
1629,0,3123,"APHU4622734    ",0
1630,0,3124,"SMLU7925458    ",0
1631,0,3125,"FCIU9219200    ",0
1633,0,3127,"SMLU7940072    ",0
1634,0,3128,"SMLU7928312    ",0
1635,0,3129,"HNSU5026640    ",0
1636,0,3130,"CAIU5809999    ",0
1637,0,3126,"BMOU4069218    ",0
1638,0,3131,"GLDU7726193    ",0
1639,0,3132,"HLBU1688232    ",0
1640,0,3133,"BMOU4533782    ",0
1641,0,3134,"TCNU8003995    ",0
1642,0,3135,"INKU6446389    ",0
1643,0,3136,"AMFU8590669    ",0
1644,0,3137,"SMLU7864706    ",0
1645,0,3138,"TCNU9020472    ",0
1647,0,3140,"DFSU6256550    ",0
1648,0,3141,"TCNU9797776    ",0
1649,0,3142,"SMLU7906416    ",0
1650,0,3143,"BEAU4178976    ",0
1651,0,3139,"UETU5225948    ",0
1652,0,3144,"FSCU8084516    ",0
1653,0,3145,"TCNU9384875    ",0
1654,0,3146,"ECMU8114500    ",0
1655,0,3147,"HLBU1710850    ",0
1656,0,3148,"SMLU7899240    ",0
1657,0,3149,"ZCSU8618187    ",0
1658,0,3150,"SMLU7919028    ",0
1659,0,3151,"SMLU7822233    ",0
1660,0,3152,"DFSU7479959    ",0
1661,0,3153,"DFSU7479959    ",0
1662,0,3154,"HLBU1812657    ",0
1663,0,3155,"HLBU1426090    ",0
1664,0,3156,"HLBU1812657    ",0
1665,0,3157,"SMLU3112568    ",0
1666,0,3158,"APHU4663712    ",0
1667,0,3159,"SMLU7837927    ",0
1668,0,3160,"SMLU7864239    ",0
1669,0,3161,"HLBU1620865    ",0
1671,0,3162,"SMLU7935754    ",0
1672,0,3163,"UESU4564049    ",0
1673,0,3164,"HLXU8156054    ",0
1674,0,3165,"HLXU8447424    ",0
1675,0,3166,"SMLU7898368    ",0
1676,0,3167,"SMLU3105110    ",0
1677,0,3168,"FSCU9970437    ",0
1678,0,3169,"SMLU7893807    ",0
1679,0,3170,"TCNU6778849    ",0
1680,0,3171,"HLXU6239695    ",0
1681,0,3172,"TCNU3077439    ",0
1682,0,3173,"TGHU8215091    ",0
1683,0,3174,"SMLU7846805    ",0
1684,0,3175,"HLBU1754627    ",0
1685,0,3176,"SMLU7861179    ",0
1686,0,3177,"SMLU7891867    ",0
1687,0,3178,"HLXU8447424    ",0
1688,0,3179,"SMLU7903720    ",0
1689,0,3180,"UETU5440848    ",0
1690,0,3181,"SMLU7852140    ",0
1691,0,3182,"HLXU8116998    ",0
1692,0,3183,"FSCU9545654    ",0
1693,0,3184,"CLHU9130732    ",0
1694,0,3185,"HLXU6320786    ",0
1697,0,3187,"TCNU8006660    ",0
1699,0,3188,"UESU4836804    ",0
1700,0,3189,"CLHU8855431    ",0
1701,0,3190,"SMLU9878989    ",0
1702,0,3191,"HLXU8156054    ",0
1703,0,3192,"TRLU7501064    ",0
1704,0,3193,"HLXU6306638    ",0
1705,0,3194,"ZCSU8526624    ",0
1706,0,3195,"ECMU9311551    ",0
1707,0,3196,"SMLU7924786    ",0
1708,0,3197,"SMLU7934038    ",0
1709,0,3198,"TCNU8082145    ",0
1710,0,3199,"SMLU7920353    ",0
1711,0,3200,"CLHU8855431    ",0
1712,0,3201,"HLBU1734580    ",0
1714,0,3203,"TEMU6705035    ",0
1715,0,3204,"FSCU6517406    ",0
1716,0,3205,"FSCU6517406    ",0
1717,0,3206,"CLHU8855431    ",0
1718,0,3186,"HLXU8506790    ",0
1719,0,3207,"ZCSU8498902    ",0
1720,0,3208,"TEMU6705035    ",0
1721,0,3209,"SMLU8310972    ",0
1722,0,3210,"SMLU7874160    ",0
1723,0,3211,"BMOU4658780    ",0
1724,0,3212,"CXDU1780094    ",0
1725,0,3214,"BMOU4658780    ",0
1726,0,3215,"BMOU4658780    ",0
1727,0,3216,"SMLU7870083    ",0
1728,0,3217,"TGHU8194912    ",0
1729,0,3218,"SMLU2578660    ",0
1730,0,3219,"SMLU7901142    ",0
1732,0,3220,"HLXU6488975    ",0
1733,0,3221,"CMAU4816471    ",0
1734,0,3222,"TCNU3307104    ",0
1735,0,3223,"HLXU6488975    ",0
1736,0,3224,"SEGU4015667    ",0
1737,0,3225,"GESU4746820    ",0
1738,0,3226,"SMLU7873945    ",0
1740,0,3227,"SMLU7906951    ",0
1741,0,3228,"GESU5972057    ",0
1743,0,3229,"GESU5972057    ",0
1744,0,3230,"CAXU9146140    ",0
1745,0,3231,"TCNU4295564    ",0
1746,0,3232,"GATU8684629    ",0
1747,0,3233,"CMAU5693577    ",0
1748,0,3234,"TCNU4295564    ",0
1749,0,3235,"FSCU9468373    ",0
1750,0,3236,"SMLU7870653    ",0
1751,0,3237,"TCKU9978070    ",0
1752,0,3238,"GATU8684629    ",0
1753,0,3239,"SMLU7880498    ",0
1755,0,3240,"FCIU8431658    ",0
1756,0,3241,"TCLU5672182    ",0
1757,0,2206,"02333387       ",0
1758,0,3243,"SMLU7883326    ",0
1759,0,3244,"FSCU9837975    ",0
1760,0,3245,"CAIU8465201    ",0
1761,0,3246,"AMFU8888680    ",0
1762,0,3247,"SMLU7899847    ",0
1763,0,3248,"SMLU7923136    ",0
1764,0,3249,"SMLU3106966    ",0
1765,0,3250,"TCLU9220724    ",0
1766,0,3251,"GESU6829499    ",0
1767,0,3252,"SMLU8333495    ",0
1768,0,3253,"SMLU7942814    ",0
1769,0,3254,"HLXU6241563    ",0
1770,0,3255,"6675432118     ",0
1772,0,3257,"TCNU3761251    ",0
1773,0,3258,"SMLU7901728    ",0
1774,0,3259,"SMLU7891717    ",0
1775,0,3260,"TCNU6019708    ",0
1776,0,3261,"HLXU1261525    ",0
1777,0,3262,"SMLU7886393    ",0
1778,0,3263,"SMLU7935230    ",0
1779,0,3264,"SEGU5662971    ",0
1781,0,3266,"HLXU8093167    ",0
1782,0,2886,"TEMU6079034    ",0
1783,0,3256,"TEMU6079034    ",0
1784,0,3267,"AMFU8597597    ",0
1785,0,3268,"SMLU7876137    ",0
1786,0,3269,"CMCU4582590    ",0
1787,0,3270,"SMLU8318280    ",0
1788,0,3271,"CMCU4582590    ",0
1789,0,3272,"GESU3882057    ",0
1790,0,3273,"FSCU6690561    ",0
1791,0,3274,"SMLU7854966    ",0
1792,0,3265,"TEMU6079034    ",0
1793,0,3275,"AMFU8597597    ",0
1794,0,3276,"GATU8493854    ",0
1796,0,3278,"CMCU4501644    ",0
1797,0,3279,"GESU5704476    ",0
1798,0,3280,"HLXU6533987    ",0
1799,0,3281,"TCNU9121884    ",0
1800,0,3282,"SMLU7824160    ",0
1801,0,3283,"FSCU6943417    ",0
1802,0,3277,"GESU5704476    ",0
1803,0,3284,"CAIU2493166    ",0
1804,0,3285,"INKU6537684    ",0
1807,0,3287,"SMLU7935230    ",0
1808,0,3288,"HLBU1671184    ",0
1809,0,3289,"TCLU8471617    ",0
1810,0,3290,"BMOU5260872    ",0
1811,0,3291,"SMLU7904096    ",0
1812,0,3292,"CAXU9144255    ",0
1813,0,3293,"CAXU9144255    ",0
1814,0,3294,"BMOU4604119    ",0
1815,0,3295,"CAXU9144255    ",0
1816,0,3296,"SLUWE376451    ",0
1817,0,3297,"TCKU9872983    ",0
1818,0,3298,"SMLU7918438    ",0
1819,0,3299,"TGHU6110928    ",0
1820,0,3300,"SMLU7891928    ",0
1821,0,3301,"HLXU8432825    ",0
1822,0,3302,"BEAU2096987    ",0
1823,0,3303,"SMLU7937124    ",0
1824,0,3304,"BMOU5260872    ",0
1825,0,3305,"TCLU8471617    ",0
1826,0,3286,"UACU5588050    ",0
1827,0,3306,"SMLU7839616    ",0
1828,0,3307,"DFSU6212633    ",0
1829,0,3308,"HLXU8383090    ",0
1830,0,3309,"HLXU8383090    ",0
1831,0,3310,"FSCU7631795    ",0
1832,0,3311,"SMLU7932164    ",0
1833,0,3312,"SMLU8308511    ",0
1834,0,3313,"FCIU8421182    ",0
1835,0,3314,"CXDU1780290    ",0
1836,0,3315,"HLBU1489204    ",0
1837,0,3316,"HLXU1271056    ",0
1838,0,3317,"TCNU3339903    ",0
1839,0,3318,"PGHV6418021    ",0
1840,0,3319,"SMLU7900700    ",0
1841,0,3320,"SMLU7903818    ",0
1842,0,3321,"BEAU4180103    ",0
1843,0,3322,"SMLU7962220    ",0
1844,0,3323,"TCNU9671134    ",0
1845,0,3324,"SMLU7837505    ",0
1846,0,3325,"UETU5460607    ",0
1847,0,3326,"TEXU1547922    ",0
1848,0,3327,"TRLU7368075    ",0
1849,0,3328,"SMLU7932185    ",0
1850,0,3329,"TGHU3255595    ",0
1851,0,3330,"DFSU7414109    ",0
1852,0,3331,"SUDU8093061    ",0
1853,0,3332,"CAXU9144256    ",0
1854,0,3333,"RES356679      ",0
1855,0,3334,"SMLU7909499    ",0
1856,0,3335,"UETU5460607    ",0
1857,0,3336,"UACU5816057    ",0
1858,0,3337,"SMLU7845861    ",0
1859,0,3338,"CMCU4566476    ",0
1860,0,3339,"UETU5147763    ",0
1861,0,3340,"TCNU8152664    ",0
1863,0,3341,"SEGU5769492    ",0
1864,0,3342,"TCLU8087807    ",0
1865,0,3343,"TCLU8087807    ",0
1866,0,3344,"TCNU8152664    ",0
1867,0,3345,"SMLU8324277    ",0
1868,0,3346,"SMLU7887173    ",0
1869,0,3347,"TCLU8087807    ",0
1870,0,3348,"DRYU9782351    ",0
1871,0,3349,"BMOU2451896    ",0
1872,0,3350,"SMLU7902909    ",0
1873,0,3351,"BMOU5969847    ",0
1874,0,3352,"DRYU9101062    ",0
1875,0,3353,"SMLU7867407    ",0
1876,0,3354,"DRYU9782351    ",0
1877,0,3355,"FSCU9537880    ",0
1879,0,3357,"SMLU7863280    ",0
1880,0,3358,"CRXU9983198    ",0
1881,0,3359,"SMLU7930768    ",0
1882,0,3360,"TCLU8087807    ",0
1883,0,3361,"N/N            ",0
1884,0,3362,"HLXU6234440    ",0
1885,0,3363,"TCNU9135260    ",0
1886,0,3356,"SMLU7953830    ",0
1887,0,3364,"SMLU7873143    ",0
1888,0,3365,"SMLU7901327    ",0
1889,0,3366,"SMLU7946213    ",0
1890,0,3367,"SMLU7868867    ",0
1891,0,3368,"UACU5312879    ",0
1892,0,3369,"DFSU7711004    ",0
1893,0,3370,"TRLU7315558    ",0
1894,0,3371,"TRLU7315558    ",0
1896,0,3372,"HXLU8301276    ",0
1897,0,3373,"TRLU7315558    ",0
1898,0,3374,"SMLU7926346    ",0
1899,0,3375,"TCNU9228635    ",0
1900,0,3376,"SMLU7838076    ",0
1901,0,3377,"SMLU7959972    ",0
1902,0,3378,"HLXU8496455    ",0
1903,0,3379,"SMLU7930808    ",0
1904,0,3380,"RFCU5091652    ",0
1905,0,3381,"UACU5790570    ",0
1906,0,3382,"BSIU9623591    ",0
1907,0,3383,"BMOU4324910    ",0
1908,0,3384,"HLXU8500468    ",0
1909,0,3385,"SMLU7871325    ",0
1910,0,3386,"SMLU7883075    ",0
1911,0,3387,"SMLU7879521    ",0
1912,0,3388,"FSCU9985442    ",0
1913,0,3389,"ZCSU8962314    ",0
1914,0,3390,"HLXU8234481    ",0
1915,0,3391,"SMLU7885720    ",0
1916,0,3392,"ZIMU2876413    ",0
1917,0,3393,"SMLU7911161    ",0
1918,0,3394,"HLBU1563256    ",0
1919,0,3395,"TTNU8289027    ",0
1920,0,3396,"GESU6382950    ",0
1921,0,3397,"SMLU7909689    ",0
1922,0,3398,"SMLU7962894    ",0
1923,0,3399,"HLXU8614877    ",0
1924,0,3400,"SMLU7962894    ",0
1926,0,3402,"RFCU4041404    ",0
1927,0,3403,"TCNU8538750    ",0
1928,0,3404,"SMLU7884261    ",0
1929,0,3405,"HLBU1709037    ",0
1930,0,3406,"HLXU6350055    ",0
1931,0,3407,"TEMU7084483    ",0
1932,0,3401,"HLXU6338609    ",0
1933,0,3408,"SMLU7847329    ",0
1934,0,3409,"TRLU8146133    ",0
1935,0,3410,"SMLU7958180    ",0
1936,0,3411,"FSCU9651928    ",0
1937,0,3412,"APHU6884179    ",0
1938,0,3413,"ZIMU1051911    ",0
1939,0,3414,"HLBU1560160    ",0
1940,0,3415,"GVCU5098788    ",0
1942,0,3417,"ECMU9913163    ",0
1943,0,3418,"HLXU8614877    ",0
1944,0,3419,"HLXU8614877    ",0
1945,0,3420,"SMLU7960926    ",0
1946,0,3421,"TCNU4254523    ",0
1947,0,3422,"CMCU4544672    ",0
1948,0,3416,"TCNU4254523    ",0
1949,0,3423,"TCLU9938291    ",0
1950,0,3424,"TCLU5978980    ",0
1951,0,3425,"BMOU6605686    ",0
1952,0,3426,"SMLU7868635    ",0
1953,0,3427,"BMOU6605686    ",0
1954,0,3428,"SMLU7884019    ",0
1955,0,3429,"TGHU9229227    ",0
1956,0,3430,"HLXU6402170    ",0
1957,0,3431,"SMLU7902616    ",0
1958,0,3432,"SMLU7907562    ",0
1959,0,3433,"TCNU7579862    ",0
1960,0,3434,"KKTU7227257    ",0
1961,0,3435,"SMLU410220     ",0
1962,0,3436,"HLBU1496796    ",0
1963,0,3437,"SMLU7890475    ",0
1964,0,3438,"SMLU7928307    ",0
1965,0,3439,"BMOU4088877    ",0
1967,0,3440,"TCNU8006309    ",0
1968,0,3441,"HLXU1276490    ",0
1969,0,3442,"DFSU6960466    ",0
1970,0,3443,"TCLU1463625    ",0
1971,0,3444,"INKU2528600    ",0
1972,0,3445,"INKU2528600    ",0
1973,0,3446,"BHCU4948271    ",0
1974,0,3447,"AMFU8862290    ",0
1975,0,3448,"SMLU7907710    ",0
1976,0,3449,"AMFU8862290    ",0
1977,0,3450,"BMOU5631340    ",0
1978,0,3451,"BMOU564950     ",0
1979,0,3452,"CLHU8973711    ",0
1980,0,3453,"TCLU5544290    ",0
1981,0,3454,"HLXU8083385    ",0
1982,0,3455,"BHCU4948271    ",0
1983,0,3456,"SMLU7930876    ",0
1984,0,3457,"SMLU7925798    ",0
1985,0,3458,"BMOU5646952    ",0
1986,0,3459,"BMOU4932102    ",0
1987,0,3460,"SEGU5205403    ",0
1988,0,3461,"CMAU7378527    ",0
1989,0,3462,"SMLU7841125    ",0
1991,5,3463,"SMLU7888436    ",0
1992,0,3464,"BMOU4261621    ",0
1994,0,3465,"TCNU6060933    ",0
1995,0,3466,"SMLU7893324    ",0
1996,0,3467,"SMLU7860059    ",0
1997,0,3468,"SMLU7955690    ",0
1998,0,3469,"SMLU7909204    ",0
1999,0,3470,"FCIUGS50884    ",0
2000,0,3471,"SMLU7931790    ",0
2002,0,3472,"SMLU7944870    ",0
2003,0,3473,"SMLU7933073    ",0
2004,0,3474,"CPSU6444509    ",0
2005,0,3475,"SMLU7954271    ",0
2006,0,3476,"FCIU8508847    ",0
2007,0,3477,"SMLU7915589    ",0
2008,0,3478,"TCLU5088820    ",0
2009,0,3479,"FCIU8508847    ",0
2010,0,3480,"BEAU4173336    ",0
2011,0,3481,"UACU5915023    ",0
2012,0,3482,"BMOU6079508    ",0
2013,0,3483,"UACU5989962    ",0
2014,0,3484,"BMOU4538341    ",0
2015,0,3485,"SMLU7874978    ",0
2017,0,3486,"UACU5627428    ",0
2018,0,3487,"CLHU8659845    ",0
2020,0,3489,"SMLU7863696    ",0
2021,0,3490,"SMLU7874936    ",0
2022,0,3491,"SMLU7887614    ",0
2023,0,3488,"SMLU7945388    ",0
2024,0,3492,"CMAU7002247    ",0
2025,0,3493,"SMLU7878058    ",0
2026,0,3494,"CMAU7002247    ",0
2028,0,3496,"SMLU7923769    ",0
2029,0,3497,"SMLU7932288    ",0
2030,0,3495,"SMLU3121404    ",0
2031,0,3498,"ZCSU8823598    ",0
2032,0,3499,"SMLU7960340    ",0
2033,0,3500,"TCLU9430058    ",0
2034,0,3501,"SMLU7911449    ",0
2036,0,3503,"SMLU7908229    ",0
2037,0,3504,"SMLU7894850    ",0
2038,0,3505,"FCIU9429125    ",0
2039,0,3506,"SMLU7889495    ",0
2040,0,3507,"FSCU9548355    ",0
2041,0,3508,"SMLU7894399    ",0
2042,0,3509,"SMLU7881046    ",0
2043,0,3510,"SMLU7900721    ",0
2044,0,3511,"TCNU3249760    ",0
2045,0,3512,"IPXU3921734    ",0
2046,0,3513,"TRLU7630143    ",0
2047,0,3514,"FSCU9187566    ",0
2048,0,3515,"GATU8312616    ",0
2049,0,3516,"GATU8312616    ",0
2050,0,3517,"BSIU9171059    ",0
2051,0,3518,"SMLU7855134    ",0
2052,0,3519,"FCIU8881341    ",0
2053,0,3520,"CMAU5917363    ",0
2054,0,3521,"SMLU7946830    ",0
2055,0,3522,"CLHU2788573    ",0
2056,0,3523,"CMCU4600879    ",0
2057,0,3524,"TCKU9213712    ",0
2058,0,3525,"SMLU7956762    ",0
2059,0,3526,"TCKU9838989    ",0
2060,0,3527,"SMLU7949228    ",0
2061,0,3528,"SMLU7942990    ",0
2062,0,3529,"CAIU9425564    ",0
2063,0,3530,"SMLU7952279    ",0
2064,0,3531,"TCNU9892372    ",0
2065,0,3532,"SMLU7861970    ",0
2066,0,3533,"TLLU4963469    ",0
2067,0,3534,"CMCU4564576    ",0
2068,0,3535,"UACU5690842    ",0
2069,0,3536,"HLBU1539516    ",0
2070,0,3537,"HLXU8119600    ",0
2071,0,3538,"SMLU7964330    ",0
2072,0,3539,"SMLU7959627    ",0
2073,0,3540,"TLLU4963469    ",0
2074,0,3541,"SMLU7845434    ",0
2075,0,3542,"SMLU7946785    ",0
2076,0,3543,"SMLU7946785    ",0
2077,0,3544,"RFCU5024989    ",0
2078,0,3545,"CAXU8187545    ",0
2079,0,3546,"SMLU7865111    ",0
2080,0,3547,"TCNU8005880    ",0
2081,0,3548,"SMLU7943148    ",0
2082,0,3549,"SMLU7865111    ",0
2083,0,3550,"BMOU4069579    ",0
2084,0,3551,"SMLU7965419    ",0
2085,0,3552,"FSCU9603914    ",0
2086,0,3553,"GESU6318502    ",0
2087,0,3554,"HLXU8279146    ",0
2088,0,3555,"JINU4500736    ",0
2089,0,3556,"TCNU9477140    ",0
2090,0,3557,"TGHU9814685    ",0
2091,0,3558,"UACU5448377    ",0
2092,0,3559,"UETU5467690    ",0
2093,0,3560,"SEGU5165316    ",0
2094,0,3561,"SMLU7860660    ",0
2096,0,3563,"SMLU7891548    ",0
2097,0,3564,"JINU4500736    ",0
2099,0,3566,"TRLU7220787    ",0
2100,0,3567,"SMLU7913190    ",0
2101,0,3568,"SMLU7920029    ",0
2102,0,3569,"CAIU9390426    ",0
2103,0,3570,"SMLU7850488    ",0
2104,0,3571,"HLXU6548204    ",0
2105,0,3572,"TGBU5777283    ",0
2106,0,3573,"BSIU9124777    ",0
2107,0,3574,"SMLU7956438    ",0
2108,0,3575,"FSCU9932231    ",0
2109,0,3576,"TCNU9291284    ",0
2110,0,3577,"N/A            ",0
2112,0,3578,"HLXU6548204    ",0
2113,0,3579,"FSCU9924431    ",0
2114,0,3580,"SMLU7945080    ",0
2115,0,3581,"SMLU7897401    ",0
2116,0,3582,"TGHU7700873    ",0
2117,0,3583,"FSCU7173579    ",0
2118,0,3584,"HLBU1548441    ",0
2119,0,3585,"SMLU7892380    ",0
2121,0,3586,"HLXU8410261    ",0
2122,0,3587,"APHU7228935    ",0
2123,0,3588,"SMLU7902977    ",0
2124,0,3589,"HLXU8410261    ",0
2125,0,3590,"UESU4683053    ",0
2126,0,3591,"FSCU9447452    ",0
2127,0,3592,"SMLU7954440    ",0
2128,0,3593,"SMLU1111000    ",0
2129,0,3594,"SMLU7963421    ",0
2130,0,3595,"FICU8425552    ",0
2131,0,3596,"SMLU7929089    ",0
2132,0,3597,"SMLU1111122    ",0
2133,0,3598,"APHU7283594    ",0
2134,0,3599,"SMLU7874520    ",0
2135,0,3600,"SMLU7842538    ",0
2136,0,3601,"SMLU7952432    ",0
2137,0,3602,"SMLU7833346    ",0
2138,0,3603,"UESU5241020    ",0
2139,0,3604,"SMLU7894660    ",0
2140,0,3605,"APHU728394     ",0
2141,0,3606,"UETU5465240    ",0
2142,0,3607,"FSCU3415680    ",0
2143,0,3608,"SMLU7949845    ",0
2145,0,3610,"SMLU7927430    ",0
2146,0,3611,"SMLU7885782    ",0
2147,0,3612,"HLXU6354528    ",0
2148,0,3613,"UACU5496312    ",0
2149,0,3614,"HLXU8449319    ",0
2150,0,3615,"ZCSU8413593    ",0
2151,0,3616,"GESU6311313    ",0
2152,0,3617,"CNCU5504763    ",0
2153,0,3618,"APRU5046818    ",0
2154,0,3619,"CPSU6475768    ",0
2155,0,3620,"TGHU3256360    ",0
2156,0,3621,"CRSU9304741    ",0
2157,0,3622,"TEMU9216167    ",0
2158,0,3609,"SMLU7899786    ",0
2159,0,3623,"SMLU7949850    ",0
2160,0,3624,"UACU5798539    ",0
2161,0,3625,"BSIU9064786    ",0
2162,0,3626,"SMLU7914659    ",0
2163,0,3627,"SMLU7868661    ",0
2164,0,3628,"SMLU7936067    ",0
2165,0,3629,"CAIU8056311    ",0
2166,0,3630,"SMLU7882588    ",0
2167,0,3631,"ECMU8035417    ",0
2168,0,3632,"SMLU7971134    ",0
2169,0,3633,"APHU6766685    ",0
2170,0,3634,"CMAU4455933    ",0
2171,0,3635,"SEGU4361422    ",0
2172,0,3636,"BMOU4817500    ",0
2173,0,3637,"FSCU8244430    ",0
2174,0,3638,"CAIU5848188    ",0
2175,0,3639,"SMLU7951307    ",0
2176,0,3640,"SMLU7867979    ",0
2177,0,3641,"GATU8802871    ",0
2178,0,3642,"UACU5724290    ",0
2179,0,3643,"APRU5033132    ",0
2181,0,3644,"SMLU794322O    ",0
2182,0,3645,"SMLU7943220    ",0
2184,0,3647,"SMLU7930480    ",0
2185,0,3648,"SMLU7956654    ",0
2186,0,3649,"DRYU9108940    ",0
2187,0,3650,"SMLU7955703    ",0
2188,0,3651,"TEMU7571434    ",0
2189,0,3652,"SMLU7834980    ",0
2190,0,3653,"SMLU7871840    ",0
2191,0,3654,"APRU5736990    ",0
2192,0,3646,"SMLU7835312    ",0
2193,0,3655,"SMLU7897464    ",0
2194,0,3656,"AXIU1495180    ",0
2195,0,3657,"APRU5736990    ",0
2196,0,3658,"FCIU8427581    ",0
2197,0,3659,"SMLU7908595    ",0
2198,0,3660,"SMLU7969219    ",0
2199,0,3661,"SMLU7879199    ",0
2200,0,3662,"SMLU7889094    ",0
2201,0,3663,"SMLU7971010    ",0
2202,0,3664,"SMLU7850533    ",0
2203,0,3665,"SMLU7889094    ",0
2204,0,3666,"SMLU7890310    ",0
2205,0,3667,"SMLU7925062    ",0
2206,0,3668,"TTNU9023324    ",0
2207,0,3669,"SMLU7925484    ",0
2208,0,3670,"BMOU4068926    ",0
2209,0,3671,"SMLU7890310    ",0
2210,0,3672,"CGMU9400438    ",0
2211,0,3673,"TTNU8496343    ",0
2212,0,3674,"TCNU9576970    ",0
2213,0,3675,"TCNU9765892    ",0
2214,0,3676,"GESU9592008    ",0
2215,0,3677,"SMLU7954899    ",0
2216,0,3678,"SMLU7889880    ",0
2217,0,3679,"UETU5560798    ",0
2218,0,3680,"SMLU7947117    ",0
2219,0,3681,"CGMU4969519    ",0
2220,0,3682,"TLLU4789233    ",0
2221,0,3683,"GESU9592008    ",0
2222,0,3684,"SMLU7970544    ",0
2223,0,3685,"SMLU7931928    ",0
2224,0,3686,"SMLU7941607    ",0
2225,0,3687,"CXRU1530422    ",0
2226,0,3688,"CGMU5031922    ",0
2227,0,3689,"SMLU7949594    ",0
2228,0,3690,"MEDU7522170    ",0
2229,0,3691,"SMLU7868240    ",0
2230,0,3692,"SMLU7909164    ",0
2231,0,3693,"CXRU1530422    ",0
2232,0,3694,"CMAU5332445    ",0
2233,0,3695,"CMAU7156659    ",0
2234,0,3696,"BMOU1281619    ",0
2235,0,3697,"BMOU6139206    ",0
2236,0,3698,"SMLU7913863    ",0
2237,0,3699,"FSCU9902514    ",0
2238,0,3700,"SEGU4014531    ",0
2239,0,3701,"CGMU5017842    ",0
2240,0,3702,"UACU5108422    ",0
2241,0,3703,"FCIU9227248    ",0
2243,0,3704,"SMLU8316230    ",0
2244,0,3705,"CGMU5243650    ",0
2245,0,3706,"APRU5702433    ",0
2246,0,3707,"ZCSU8752914    ",0
2247,0,3708,"SMLU7878762    ",0
2248,0,3709,"TCNU5297216    ",0
2249,0,3710,"SMLU7939894    ",0
2250,0,3711,"SMLU3132604    ",0
2251,0,3712,"SMLU7943180    ",0
2252,0,3713,"APRU5702433    ",0
2253,0,3714,"BMOU9001653    ",0
2254,0,3715,"CGMU9401481    ",0
2255,0,3716,"TCNU8652037    ",0
2256,0,3717,"UESU4816639    ",0
2257,0,3718,"SMLU7913987    ",0
2258,0,3719,"FSCU8222180    ",0
2259,0,3720,"INKU6647547    ",0
2260,0,3721,"GESU5579841    ",0
2261,0,3722,"DRYU4506350    ",0
2262,0,3723,"ECMU8102480    ",0
2263,0,3724,"SMLU7862719    ",0
2264,0,3725,"SMLU8307768    ",0
2265,0,3726,"APRU5051590    ",0
2266,0,3727,"ZCSU7095733    ",0
2267,0,3728,"CGMU5079340    ",0
2268,0,3729,"CMAU4546550    ",0
2269,0,3730,"SMLU7918510    ",0
2270,0,3731,"SMLU7969230    ",0
2271,0,3732,"CMAU4270647    ",0
2272,0,3733,"FCIU8604033    ",0
2273,0,3734,"TTNU8371808    ",0
2274,0,3735,"SMLU7888740    ",0
2275,0,3736,"ZCSU7090109    ",0
2276,0,3737,"SMLU7928420    ",0
2277,0,3738,"ZCSU8605560    ",0
2278,0,3739,"CXDU1779827    ",0
2279,0,3740,"SMLU7901590    ",0
2280,0,3741,"APHU6813956    ",0
2281,0,3742,"SMLU7901590    ",0
2282,0,3743,"SMLU7882973    ",0
2283,0,3744,"SMLU3122150    ",0
2284,0,3745,"SMLU7891002    ",0
2285,0,3746,"SMLU7891002    ",0
2286,0,3747,"SMLU7891002    ",0
2287,0,3748,"BMOU4701757    ",0
2288,0,3749,"GESU9528210    ",0
2289,0,3750,"SMLU7952448    ",0
2290,0,3751,"SMLU7888061    ",0
2291,0,3752,"CAXU9045545    ",0
2292,0,3753,"TEMU9245843    ",0
2293,0,3754,"SMLU7961692    ",0
2294,0,3755,"DRYU9658417    ",0
2295,0,3756,"SMLU7944930    ",0
2296,0,3757,"TCLU1880383    ",0
2297,0,3758,"SMLU7947610    ",0
2298,0,3759,"TCNU4241280    ",0
2299,0,3760,"DRYU9658417    ",0
2300,0,3761,"ZCSU8560125    ",0
2301,0,3762,"GLDU0606220    ",0
2302,0,3763,"SMLU7957115    ",0
2303,0,3764,"TGHU6434193    ",0
2304,0,3765,"TCNU2509693    ",0
2305,0,3766,"CMAU7237534    ",0
2306,0,3767,"FCIU9395180    ",0
2307,0,3768,"CMAU7581128    ",0
2308,0,3769,"TTNU8265489    ",0
2309,0,3770,"CRSU9006578    ",0
2310,0,3771,"ZCSU8712995    ",0
2311,0,3772,"SMLU794344G    ",0
2312,0,3773,"ECMU9523355    ",0
2313,0,3774,"FSCU9274228    ",0
2314,0,3775,"GESU5546473    ",0
2315,0,3776,"SMLU7889725    ",0
2316,0,3777,"BSIU9273364    ",0
2317,0,3778,"SMLU8310170    ",0
2318,0,3779,"SMLU7873903    ",0
2319,0,3780,"CAIU4347113    ",0
2320,0,3781,"FSCU8167966    ",0
2321,0,3782,"BSIU9091312    ",0
2322,0,3783,"UETU5440508    ",0
2323,0,3784,"APHU7379628    ",0
2324,0,3785,"SMLU7955410    ",0
2325,0,3786,"SMLU7919840    ",0
2326,0,3787,"SMLU7971638    ",0
2327,0,3788,"ZCSU7027359    ",0
2328,0,3789,"SMLU7842040    ",0
2329,0,3790,"CMAU7046142    ",0
2330,0,3791,"GESU5350496    ",0
2331,0,3792,"SMLU7907325    ",0
2332,0,3793,"CMAU5922462    ",0
2333,0,3794,"BMOU4669697    ",0
2334,0,3795,"CGMU4923992    ",0
2335,0,3796,"FSCU6895113    ",0
2336,0,3797,"BSIU9072610    ",0
2337,0,3798,"TCNU3138787    ",0
2338,0,3799,"SMLU7909652    ",0
2339,0,3800,"ZCSUB573950    ",0
2340,0,3801,"CMAU0957595    ",0
2341,0,3802,"SMLU7869740    ",0
2342,0,3803,"SMLU7875845    ",0
2343,0,3804,"ZCSU8587379    ",0
2344,0,3805,"SMLU7947539    ",0
2345,0,3806,"SMLU7871480    ",0
2346,0,3807,"SMLU7879352    ",0
2347,0,3808,"SMLU7906885    ",0
2348,0,3809,"CGMU5037089    ",0
2349,0,3810,"CMAU4185437    ",0
2350,0,3811,"BSIU9113860    ",0
2351,0,3812,"SMLU7950975    ",0
2352,0,3813,"SMLU7950975    ",0
2353,0,3814,"ZCSU8538137    ",0
2354,0,3815,"SMLU7942814    ",0
2355,0,3816,"TCNU5750805    ",0
2357,0,3817,"TGHU9949377    ",0
2358,0,3818,"APRU5717623    ",0
2359,0,3819,"SMLU7899106    ",0
2360,0,3820,"SMLU7971113    ",0
2361,0,3821,"SMLU7863274    ",0
2362,0,3822,"TCNU3624583    ",0
2363,0,3823,"BMOU4835247    ",0
2364,0,3824,"SMLU7834743    ",0
2365,0,3825,"BMOU4835247    ",0
2366,0,3826,"SMLU7876970    ",0
2367,0,3827,"SMLU7921642    ",0
2368,0,3828,"SMLU7921642    ",0
2369,0,3829,"SMLU7868717    ",0
2370,0,3830,"SMLU7957075    ",0
2371,0,3831,"TGCU5079584    ",0
2372,0,3832,"TTNU8274710    ",0
2373,0,3833,"SMLU7930583    ",0
2374,0,3834,"SMLU7840474    ",0
2375,0,3835,"SMLU7957687    ",0
2376,0,3836,"CGMU9301604    ",0
2377,0,3837,"SMLU7914520    ",0
2378,0,3838,"FCIU9349570    ",0
2379,0,3839,"SMLU7955365    ",0
2380,0,3840,"ZCSU8974444    ",0
2381,0,3841,"SMLU7858982    ",0
2382,0,3842,"SMLU7943087    ",0
2383,0,3843,"SMLU7952330    ",0
2384,0,3844,"TCNU9634357    ",0
2385,0,3845,"UACU5425387    ",0
2386,0,3846,"ECMU8051676    ",0
2387,0,3847,"SMLU7897232    ",0
2388,0,3848,"SMLU7897232    ",0
2389,0,3849,"CAIU7325606    ",0
2390,0,3850,"CMAU7278277    ",0
2391,0,3851,"CGMU4987385    ",0
2392,0,3852,"SMLU7971622    ",0
2393,0,3853,"DRYU9115066    ",0
2394,0,3854,"SMLU7952330    ",0
2395,0,3855,"CGMU5097283    ",0
2396,0,3856,"SMLU7863783    ",0
2397,0,3857,"SMLU7959972    ",0
2398,0,3858,"SMLU7973203    ",0
2399,0,3859,"SMLU7874284    ",0
2400,0,3860,"ZCSU8891870    ",0
2401,0,3861,"SMLU7932755    ",0
2402,0,3862,"CMAU4148979    ",0
2403,0,3863,"CGMU9332776    ",0
2404,0,3864,"CRSU9324352    ",0
2405,0,3865,"UESU4535689    ",0
2406,0,3866,"APRU5805684    ",0
2407,0,3867,"CMAU2177725    ",0
2408,0,3868,"SMLU7891980    ",0
2409,0,3869,"TCNU4800898    ",0
2410,0,3870,"GESU5415827    ",0
2411,0,3871,"ZCSU6527236    ",0
2412,0,3872,"CGMU9308949    ",0
2413,0,3873,"SMLU7908949    ",0
2414,0,3874,"SMLU7908321    ",0
2415,0,3875,"CGMU5008650    ",0
2416,0,3876,"APRU5751736    ",0
2417,0,3877,"TCLU1148726    ",0
2418,0,3878,"SMLU7904590    ",0
2419,0,3879,"SMLU7913734    ",0
2420,0,3880,"TCKU1470150    ",0
2421,0,3881,"ZCSU8534701    ",0
2422,0,3882,"CGMU9361898    ",0
2423,0,3883,"SMLU7891764    ",0
2424,0,3884,"ECMU8028737    ",0
2425,0,3885,"SMLU7926639    ",0
2426,0,3886,"BMOU5900877    ",0
2427,0,3887,"GVCU5270238    ",0
2428,0,3888,"APRU5098030    ",0
2429,0,3889,"SMLU7886428    ",0
2430,0,3890,"CMAU5826448    ",0
2431,0,3891,"DRYU4532431    ",0
2432,0,3892,"TGBU5368979    ",0
2433,0,3893,"SMLU7955998    ",0
2434,0,3894,"SMLU7887609    ",0
2435,0,3895,"TEMU6318289    ",0
2436,0,3896,"SMLU7970380    ",0
2437,0,3897,"SMLU1909740    ",0
2438,0,3898,"TCNU5221210    ",0
2439,0,3899,"APRU5771727    ",0
2440,0,3900,"CRLU1610591    ",0
2441,0,3901,"SMLU7936914    ",0
2442,0,3902,"CGMU5152462    ",0
2443,0,3903,"TGHU9180913    ",0
2444,0,3904,"TGHU9180913    ",0
2445,0,3905,"SMLU7882187    ",0
2446,0,3906,"APRU5104766    ",0
2447,0,3907,"SMLU7909740    ",0
2448,0,3908,"AMCU9268424    ",0
2449,0,3909,"SMLU7907599    ",0
2450,0,3910,"SMLU7918192    ",0
2451,0,3911,"SMLU5480935    ",0
2452,0,3912,"APRU5849888    ",0
2453,0,3913,"SMLU7942075    ",0
2454,0,3914,"ECMU8028737    ",0
2455,0,3915,"CXDU2320410    ",0
2456,0,3916,"CLHU9067706    ",0
2457,0,3917,"SMLU7961650    ",0
2458,0,3918,"TGHU8238899    ",0
2459,0,3919,"APHU6878880    ",0
2460,0,3920,"SMLU7886243    ",0
2461,0,3921,"SMLU7886243    ",0
2462,0,3922,"CLHU8677941    ",0
2463,0,3923,"TGHU8393128    ",0
2464,0,3924,"SMLU7952983    ",0
2465,0,3925,"SMLU7969332    ",0
2466,0,3926,"TCNU5393251    ",0
2467,0,3927,"TCNU5393251    ",0
2468,0,3928,"TRLU1743651    ",0
2469,0,3929,"TCNU5393251    ",0
2470,0,3930,"TCNU6219943    ",0
2471,0,3931,"SMLU7960227    ",0
2472,0,3932,"SMLU7922459    ",0
2473,0,3933,"SMLU7960227    ",0
2474,0,3934,"TCNU6219943    ",0
2475,0,3935,"SMLU7913945    ",0
2476,0,3936,"FCIU9365761    ",0
2477,0,3937,"SMLU7893200    ",0
2478,0,3938,"CGMU9323352    ",0
2479,0,3939,"CGMU9323352    ",0
2480,0,3940,"FCIU9365761    ",0
2481,0,3941,"SMLU7907120    ",0
2482,0,3942,"TRIU8688382    ",0
2483,0,3943,"SMLU7894260    ",0
2484,0,3944,"ECMU8020361    ",0
2485,0,3945,"UETU5440540    ",0
2486,0,3946,"SMLU7867881    ",0
2487,0,3947,"SMLU7875655    ",0
2488,0,3948,"GVCU5378747    ",0
2489,0,3949,"SMLU7949871    ",0
2490,0,3950,"SMLU7880163    ",0
2491,0,3951,"HLXU8545159    ",0
2492,0,3952,"TRIU8612495    ",0
2493,0,3953,"SMLU7969332    ",0
2494,0,3954,"CMAU7489393    ",0
2495,0,3955,"TTNU8267898    ",0
2496,0,3956,"SMLU8317051    ",0
2497,0,3957,"SMLU7968001    ",0
2498,0,3958,"ZCSU6524197    ",0
2499,0,3959,"TRIU8612495    ",0
2500,0,3960,"CRLU1842576    ",0
2501,0,3961,"SMLU7868450    ",0
2502,0,3962,"MSKU0326158    ",0
2503,0,3963,"TCNU9946592    ",0
2504,0,3964,"TCNU6077068    ",0
2505,0,3965,"SMLU7929854    ",0
2506,0,3966,"CAXU9324067    ",0
2507,0,3967,"ECMU8059126    ",0
2508,0,3968,"ECMU8059126    ",0
2509,0,3969,"BMOU4117189    ",0
2510,0,3970,"DFSU2476941    ",0
2511,0,3971,"TCNU6085269    ",0
2512,0,3972,"SMLU7950830    ",0
2513,0,3973,"SMLU7950830    ",0
2514,0,3974,"SMLU7876435    ",0
2515,0,3975,"BSIU9724452    ",0
2516,0,3976,"SMLU7883922    ",0
2517,0,3977,"SMLU7876435    ",0
2518,0,3978,"SMLU7956741    ",0
2519,0,3979,"SMLU7937103    ",0
2520,0,3980,"CGMU9298054    ",0
2521,0,3981,"AIXU6104143    ",0
2522,0,3982,"APRU5704061    ",0
2523,0,3983,"SMLU7961579    ",0
2524,0,3984,"SMLU7922865    ",0
2525,0,3986,"SMLU7922865    ",0
2526,0,3987,"SMLU7935796    ",0
2527,0,3988,"CGMU4831509    ",0
2528,0,3989,"GESU6758327    ",0
2529,0,3990,"SMLU7827282    ",0
2530,0,3991,"SMLU7934064    ",0
2531,0,3993,"SMLU7887980    ",0
2532,0,3994,"TEMU6752000    ",0
2533,0,3995,"CGMU9315444    ",0
2534,0,3996,"TCNU9635899    ",0
2535,0,3997,"SMLU7921513    ",0
2536,0,3998,"SMLU7924615    ",0
2537,0,3999,"SMLU7874108    ",0
2538,0,4000,"APHU4503078    ",0
2539,0,4001,"SMLU7854420    ",0
2540,0,4002,"CMAU5830258    ",0
2541,0,4003,"BEAU4093729    ",0
2542,0,4004,"SMLU7895836    ",0
2543,0,4005,"SMLU8317200    ",0
2544,0,4006,"UETU5269334    ",0
2545,0,4007,"UETU5269334    ",0
2546,0,4008,"N/F            ",0
2547,0,4009,"RFCU4053869    ",0
2548,0,4010,"BEAU4093729    ",0
2549,0,4011,"RFCU4053869    ",0
2550,0,4012,"SMLU7840962    ",0
2551,0,4013,"TCLU1196128    ",0
2552,0,4014,"SMLU7935559    ",0
2553,0,4015,"SMLU7905214    ",0
2554,0,4016,"TRLU8189412    ",0
2555,0,4017,"SMLU7904440    ",0
2556,0,4018,"SMLU7895749    ",0
2557,0,4019,"SMLU8322269    ",0
2558,0,4020,"SMLU7970689    ",0
2559,0,4021,"QEE-72B815     ",0
2560,0,4022,"BMOU9212065    ",0
2561,0,4023,"SMLU7851669    ",0
2562,0,4024,"SMLU7851669    ",0
2563,0,4025,"SMLU7967263    ",0
2564,0,4026,"TCNU2767342    ",0
2565,0,4027,"N/F            ",0
2566,0,4028,"SMLU2579373    ",0
2567,0,4029,"SMLU3124553    ",0
2568,0,4030,"TCNU3719586    ",0
2569,0,4031,"HLBU1959036    ",0
2570,0,4032,"N/F            ",0
2571,0,4033,"SMLU7973965    ",0
2572,0,4034,"FSCU6969140    ",0
2573,0,4035,"SMLU7835360    ",0
2574,0,4036,"SMLU7904223    ",0
2575,0,4037,"SMLU7904223    ",0
2576,0,4038,"CAXU8121208    ",0
2577,0,4039,"HLBU1316030    ",0
