"Rec No","Bolconid","Bolconbolid","Bolconvgecontainer","Bolconvgeptr","Bolconcontainer","Bolconcreatedbydetail"
2,1,11055,0,170,"SMLU7805977",0
4,2,11455,0,175,"FSCU6838622",0
5,3,11195,0,172,"ZCSU8661579",0
6,4,11369,0,173,"SMLU7822151",0
7,5,11544,0,176,"GLDU0633421",0
8,6,11274,0,174,"FSCU6214924",0
9,7,11634,0,177,"ZCSU8783638",0
10,8,11716,0,178,"FSCU6110154",0
11,9,11802,0,179,"FSCU6825585",0
12,10,11898,0,181,"ZCSU8388910",0
13,11,11981,0,180,"ZCSU8810688",0
14,12,12079,0,183,"SMLU7853888",0
15,13,12138,0,182,"ZCSU8159215",0
16,14,12208,0,184,"TGHU8171250",0
17,15,12297,0,186,"FCIU8033000",0
19,16,12381,0,187,"GLDU0833477",0
20,17,12451,0,188,"ZCSU8212768",0
21,18,12540,0,189,"ZCSU8232738",0
22,19,12625,0,190,"ZCSU8225981",0
23,20,12720,0,191,"ZCSU8447335",0
24,21,12798,0,192,"ZCSU8355814",0
25,22,12858,0,193,"ZCSU8816270",0
26,23,12938,0,195,"XXXX8072476",0
27,24,13121,0,197,"ZCSU8578335",0
28,25,13023,0,196,"ZCSU8181190",0
29,26,13190,0,198,"ZCSU8824130",0
30,27,13383,0,200,"ZCSU8895242",0
31,28,13283,0,199,"ZCSU8804900",0
32,29,13535,0,202,"CRSU9033470",0
34,30,13606,0,203,"TRLU5241965",0
35,31,13468,0,201,"ZCSU8741099",0
36,32,13683,0,204,"GDLU0744404",0
37,33,13764,0,205,"ZCSU8861957",0
38,34,13833,0,206,"ZCSU8675757",0
39,35,14071,0,209,"ZCSU8244981",0
40,36,13898,0,207,"ZCSU8799070",0
41,37,13987,0,208,"ZCSU8198757",0
42,38,14158,0,210,"ZCSU8773218",0
43,39,14245,0,211,"ZCSU8356600",0
44,40,14443,0,213,"ZCSU8452809",0
45,41,14344,0,212,"ZCSU8162585",0
46,42,14512,0,214,"ZCSU8898869",0
48,43,14606,0,215,"ZCSU8366188",0
49,44,14678,0,216,"ZCSU8571900",0
50,45,14732,0,217,"ZCSU8201697",0
51,46,14816,0,218,"ZCSU8857160",0
52,47,15044,0,219,"ZCSU8197869",0
53,48,14905,0,220,"TCNU9935324",0
54,49,14989,0,221,"TTNU9023643",0
55,50,15127,0,222,"ZCSU8265562",0
56,51,15208,0,223,"ZCSU8961278",0
57,52,15342,0,225,"ZCSU8809645",0
58,53,15414,0,226,"TRLU5248846",0
59,54,15264,0,224,"ZCSU8249540",0
60,55,15624,0,229,"ZCSU8482948",0
61,56,15472,0,227,"FSCU6768778",0
62,57,15543,0,228,"SMLU7838311",0
63,58,15697,0,230,"ZCSU8935617",0
64,59,15771,0,231,"UESU5190690",0
65,60,15847,0,232,"ZCSU8565873",0
66,61,15906,0,233,"ZCSU8489217",0
67,62,15970,0,234,"CLHU8816728",0
68,63,16144,0,235,"ZCSU299768 ",0
69,64,16053,0,236,"ZCSU8393389",0
70,65,16211,0,237,"CAXU9225444",0
71,66,16293,0,238,"ZCSU8251363",0
72,67,16372,0,239,"ZCSU8964220",0
73,68,16588,0,241,"CRXU9060729",0
74,69,16539,0,240,"FSCU6230442",0
75,70,16674,0,242,"ZCSU8424140",0
76,71,16749,0,243,"ZCSU8823788",0
77,72,16841,0,244,"TTNU9574857",0
78,73,16940,0,245,"UESU4603551",0
79,74,17029,0,247,"SMLU7861158",0
80,75,17092,0,248,"ZCSU8293477",0
81,76,17167,0,249,"ZCSU8788671",0
82,77,17256,0,250,"TGHU8063189",0
83,78,17367,0,251,"BSIU9117865",0
84,79,17434,0,252,"SMLU7849996",0
85,80,17588,0,254,"TGHU7338487",0
86,81,17506,0,253,"ZCSU8218730",0
87,82,17833,0,257,"CLHU8060369",0
89,83,17741,0,256,"ZCSU7004815",0
90,84,17667,0,255,"INKU2831710",0
91,85,17935,0,258,"ZCSU8397091",0
92,86,18027,0,259,"SMLU7837608",0
93,87,18105,0,260,"ZCSU8577160",0
94,88,18179,0,261,"SMLU783003-",0
95,89,18428,0,263,"CLU8473932 ",0
96,90,18345,0,263,"SMLU7813036",0
97,91,18270,0,262,"CLHU8473932",0
98,92,18429,0,264,"TCKU9412308",0
99,93,18515,0,265,"ZCSU8930071",0
100,94,18606,0,267,"ZCSU8672320",0
101,95,18688,0,266,"FSCU6027116",0
105,96,18913,0,270,"FCSU9192412",0
106,97,18769,0,268,"ZCSU8825245",0
108,99,18861,0,269,"ZCSU8933086",0
109,100,18992,0,271,"CRXU9087740",0
110,101,19157,0,272,"UESU5183290",0
111,102,19086,0,273,"ZCSU8848750",0
112,103,19311,0,275,"ZCSU7036860",0
114,104,19441,0,276,"SMLU7862792",0
115,105,19505,0,277,"FSCU6177857",0
116,106,19577,0,278,"ZCSU8560594",0
117,107,19644,0,279,"SMLU7840319",0
118,108,19718,0,280,"BHCU4930945",0
120,109,19805,0,283,"ZCSU8425613",0
121,110,19971,0,282,"FSCU6770158",0
122,111,19894,0,281,"ZCSU8877275",0
123,112,20042,0,284,"GVCU5325325",0
125,113,20103,0,285,"ZCSU8410547",0
126,114,20177,0,286,"ZCSU8291366",0
127,115,20315,0,288,"ZCSU8749736",0
128,116,20242,0,287,"ZCSU8474650",0
129,117,20389,0,289,"SMLU7847083",0
130,118,20470,0,290,"TGHU7198940",0
131,119,20562,0,291,"ZCSU8882224",0
132,120,20800,0,294,"TEXU5374759",0
133,121,20732,0,293,"TGHU7413045",0
134,122,20651,0,292,"ZCSU8743487",0
135,123,20885,0,295,"CLHU8588870",0
136,124,21040,0,297,"CRSU9052104",0
137,125,20970,0,296,"ZCSU8585191",0
138,126,21132,0,298,"ZCSU8674088",0
139,127,21222,0,299,"ZCSU8459104",0
140,128,21563,0,303,"SMLU7842266",0
141,129,21480,0,302,"TCNU9216737",0
142,130,21648,0,304,"ZCSU8764469",0
145,131,21740,0,305,"ZCSU8674426",0
146,132,21937,0,307,"AMFU8520147",0
147,133,21838,0,306,"ZCSU8696528",0
148,134,22023,0,308,"ZCSU8388818",0
149,135,22116,0,309,"GLDU7571698",0
150,136,22202,0,310,"TRLU6759624",0
151,137,22368,0,312,"ZCSU8417095",0
152,138,22284,0,311,"ZCSU8836614",0
153,139,22465,0,313,"GLDU0845668",0
154,140,22531,0,314,"ZCSU7030917",0
155,141,22628,0,315,"ZCSU8325975",0
156,142,22712,0,316,"ZCSU8244019",0
157,143,22791,0,317,"ZCSU8475131",0
159,144,22884,0,318,"ZCSU8795310",0
160,145,23127,0,321,"FSCU6830621",0
161,146,23051,0,319,"SMLU7821406",0
162,147,22978,0,320,"SMLU7818763",0
163,148,23272,0,323,"GESU4381050",0
164,149,23525,0,325,"SMLU7840406",0
166,150,23449,0,324,"SMLU7848449",0
167,151,23358,0,326,"GATU8502998",0
168,152,23615,0,327,"FSCU6509756",0
169,153,23792,0,329,"GLDU2985606",0
170,154,23790,0,328,"TCKU9836585",0
171,155,23791,0,329,"GLDU2985606",0
172,156,23887,0,332,"FSCU6767909",0
174,158,23953,0,333,"ZCSU8328629",0
175,159,24048,0,334,"ZCSU8267396",0
176,160,23793,0,331,"AMFU8884895",0
177,161,24233,0,335,"FCIU8057050",0
178,162,24133,0,336,"SMLU7811096",0
179,163,24331,0,337,"TGHU8244269",0
180,164,24420,0,338,"SMLU7837634",0
181,165,24515,0,338,"           ",0
182,166,24685,0,340,"SMLU7835014",0
183,167,24599,0,339,"TRLU5681460",0
184,168,24519,0,341,"TTNU9416830",0
185,169,24814,0,343,"ZCSU8711263",0
186,170,24733,0,342,"TGHU7972779",0
187,171,24910,0,344,"GATU8688218",0
188,172,25077,0,346,"CRSU9020200",0
189,173,25001,0,345,"SMLU7847946",0
190,174,25154,0,347,"CLHU8530499",0
193,176,25494,0,351,"ZCSU8450914",0
194,177,25599,0,348,"ZCSU8349703",0
195,178,25406,0,350,"SMLU7851273",0
196,179,25600,0,353,"ZCSU8491261",0
197,180,25666,0,352,"SMLU7857538",0
199,181,25843,0,355,"ZCSU8488606",0
200,182,25756,0,354,"TTNU9312986",0
201,183,25924,0,356,"ZCSU8615871",0
203,184,25997,0,357,"SMLU7807692",0
204,185,26089,0,358,"ZCSU8601203",0
205,186,26155,0,359,"ZCSU8775036",0
206,187,26223,0,360,"SMLU7851648",0
207,188,26273,0,361,"SMLU7852201",0
208,189,26361,0,362,"ZCSU7021540",0
209,190,26525,0,364,"ZIMU2365882",0
210,191,26447,0,363,"ZCSU8321938",0
211,192,26542,0,365,"FCIU8258394",0
212,193,26714,0,366,"ZCSU8832223",0
213,194,26780,0,368,"ZCSU8855888",0
214,195,26633,0,367,"ZCSU8858824",0
216,196,26857,0,369,"TCKU9592386",0
217,197,26996,0,371,"SMLU7848027",0
218,198,26912,0,370,"ZCSU8843399",0
219,199,27068,0,372,"FSCU3755416",0
221,201,27085,0,373,"ZCSU8871981",0
222,202,27307,0,374,"ZCSU8593601",0
223,203,27167,0,375,"ZCSU8742990",0
224,204,27245,0,376,"ZCSU8436393",0
225,205,27470,0,379,"XXXU4343239",0
226,206,27389,0,378,"GLDU0812406",0
227,207,27640,0,382,"SMLU7854966",0
228,208,27489,0,380,"FSCU6903116",0
229,209,27573,0,381,"SMLU7816919",0
230,210,27904,0,385,"ZCSU8811792",0
231,211,27815,0,383,"FSCU9194992",0
232,212,27723,0,386,"DFSU6256626",0
233,213,27991,0,387,"CLHU8663315",0
234,214,28081,0,388,"TCNU8704589",0
235,215,28170,0,389,"ZCSU8887653",0
236,216,28261,0,390,"GATU8550888",0
237,217,28353,0,391,"XINU8013068",0
238,218,28454,0,392,"ZCSU8874281",0
239,219,28714,0,395,"AMFU8419255",0
240,220,28540,0,394,"FCIU8830637",0
241,221,28628,0,393,"ZCSU8748719",0
242,222,28804,0,396,"ZCSU8407158",0
244,223,28894,0,397,"ZCSU8786154",0
245,224,28987,0,399,"FCIU8635604",0
246,225,28807,0,398,"FSCU6401247",0
247,226,29063,0,400,"TCKU9415842",0
248,227,29151,0,401,"ZCSU8841288",0
249,228,29317,0,403,"ZCSU8973155",0
252,229,29241,0,402,"SMLU7857440",0
253,230,29406,0,404,"ZCSU8951270",0
254,231,29491,0,405,"ZCSU8269341",0
255,232,29559,0,406,"GLDU7233807",0
256,233,29729,0,408,"ZCSU8541465",0
257,234,29643,0,407,"TCNU9257320",0
258,235,29884,0,409,"ZCSU8662071",0
259,236,29799,0,410,"GLDUO729800",0
260,237,29964,0,411,"TCNU8188332",0
261,238,30051,0,412,"GSTU8890668",0
262,239,30143,0,413,"GESU4081915",0
263,240,30231,0,414,"ZCSU8268788",0
264,241,30406,0,416,"SAXU4909408",0
265,242,30313,0,415,"TGHU8491295",0
266,243,30589,0,418,"TCLU5264257",0
267,244,30504,0,419,"UESU5202379",0
268,245,30682,0,417,"TRLU5729923",0
269,246,30942,0,421,"DFSU6490090",0
270,247,30773,0,159,"ZCSU7020272",0
271,248,31042,1,422,"SMLU7832864",0
272,249,31254,0,424,"TCNU8116353",0
273,250,31133,0,384,"ZCSU8974634",0
274,251,31516,0,427,"GSLU2019167",0
275,252,31334,0,425,"ZCSU8438591",0
276,253,31427,0,426,"SMLU7862956",0
277,254,31181,0,423,"FCIU8232487",0
278,255,31554,0,428,"FSCU6336687",0
279,256,31878,0,433,"ZCSU8344743",0
280,257,31952,0,435,"ZCSU8234540",0
281,258,31877,0,432,"FSCU6219818",0
282,259,32215,0,436,"TGHU8971313",0
283,260,32058,0,438,"FSCU6240559",0
284,261,32129,0,437,"SMLU7807331",0
285,262,32734,0,445,"ZCSU7038965",0
286,263,32820,0,446,"ZCSU8455916",0
287,264,32897,0,447,"ZIMU2881071",0
288,265,32927,0,449,"ZCSU8881362",0
289,266,32378,0,440,"ZCSU8658235",0
290,267,32498,0,442,"ZCSU8781907",0
291,268,32296,0,439,"TGHU8490452",0
292,269,32653,0,444,"SMLU7855350",0
293,270,32566,0,443,"CRXU9068566",0
294,271,33080,0,451,"ZCSU8318512",0
295,272,33523,0,457,"GLDU7419474",0
296,273,33173,0,452,"ZCSU7021957",0
297,274,32987,0,450,"ZCSU8631975",0
298,275,33448,0,455,"SCZU3957533",0
299,276,33685,0,458,"CAXU9355350",0
300,277,33368,0,454,"TCKU9327720",0
301,278,33265,0,453,"CAXU9616095",0
302,279,33606,0,456,"SMLU7862977",0
303,280,33964,0,461,"ZCSU8941271",0
304,281,33881,0,462,"FSCU6835217",0
305,282,33780,0,460,"TRLU6689065",0
307,283,34103,0,464,"ZCSU8396372",0
308,284,34042,0,463,"ZCSU8384221",0
309,285,34204,0,465,"ZCSU8716239",0
310,286,34275,0,466,"ZCSU8363194",0
311,287,34358,0,467,"TGHU9347852",0
312,288,34447,0,468,"ZCSU8953502",0
313,289,34623,0,470,"ZCSU8512404",0
314,290,34540,0,469,"ZCSU8689112",0
315,291,34716,0,471,"ZCSU8298740",0
316,292,34809,0,472,"ZCSU8908946",0
317,293,34984,0,474,"FSCU6767832",0
319,294,35070,0,475,"ZCSU7009925",0
320,295,35367,0,477,"ZCSU8926852",0
321,296,35298,0,476,"ZCSU8274501",0
322,297,35572,0,480,"GESU4481280",0
323,298,35430,0,478,"ZCSU8498311",0
324,299,35492,0,479,"ZCSU8537758",0
325,300,35663,0,481,"CRSU9019404",0
326,301,35902,0,482,"ZCSU8364375",0
327,302,35833,0,484,"ZCSU8947310",0
328,303,35744,0,483,"ZCSU8389835",0
329,304,35984,0,485,"UESU5243742",0
330,305,36068,0,486,"ZCSU8414917",0
331,306,36153,0,487,"SMLU7855108",0
333,307,36235,0,488,"ZCSU8339990",0
334,308,36405,0,490,"SMLU7849954",0
335,309,36321,0,489,"SMLU7829829",0
336,310,36492,0,492,"ZCSU8761095",0
337,311,36573,0,491,"FSCU6339264",0
338,312,36669,0,493,"ZCSU8724743",0
339,313,36747,0,494,"ZCSU8494342",0
340,314,36928,0,496,"ZCSU8380020",0
341,315,37008,0,497,"ZCSU8702472",0
342,316,36834,0,495,"DFSU6301540",0
343,317,37090,0,498,"ZCSU8572580",0
344,318,37151,0,499,"ZCSU8256827",0
345,319,37327,0,500,"SMLU7859675",0
346,320,37245,0,502,"ZCSU8877505",0
347,321,37414,0,501,"GLDU0748539",0
348,322,37509,0,503,"ZCSU8815273",0
349,323,37687,0,506,"TGHU8406293",0
350,324,37611,0,504,"UESU4686350",0
351,325,37829,0,508,"ZCSU8788584",0
352,326,37748,0,507,"ZCSU8861113",0
353,327,38036,0,510,"CLHU8490734",0
354,328,37925,0,509,"ZCSU8397743",0
355,329,37975,0,511,"ZCSU8842181",0
357,330,38199,0,513,"UESU5199104",0
358,331,38284,0,514,"ZCSU8914342",0
360,332,38123,0,516,"ZCSU8434929",0
361,333,38358,0,515,"TCKU9139699",0
362,334,38516,0,517,"ZCSU8710349",0
363,335,38437,0,519,"FSCU6218508",0
364,336,38670,0,520,"ZCSU8635311",0
366,338,38610,0,521,"ZCSU8380186",0
368,339,38923,0,524,"ZCSU8494804",0
369,340,38751,0,523,"CRSU9051556",0
370,341,39012,0,525,"ZCSU8270830",0
372,342,39088,0,526,"ZCSU8984308",0
373,343,39242,0,527,"ZCSU8351470",0
374,344,39171,0,528,"CLHU8496455",0
375,345,39324,0,530,"ZCSU8457565",0
376,346,39389,0,529,"SMLU7842332",0
377,347,39619,0,533,"CLHU8460642",0
378,348,39538,0,532,"ZCSU8101717",0
379,349,39699,0,534,"ZCSU7015297",0
382,350,39444,0,531,"SMLU7820230",0
383,351,39857,0,536,"ZCSU8484030",0
384,352,39782,0,535,"ZCSU8844327",0
385,353,40005,0,539,"ZCSU8938940",0
386,354,39936,0,538,"UXXU4516138",0
387,355,40252,0,542,"SMLU7836279",0
388,356,40169,0,541,"ZCSU8908226",0
389,357,40341,0,543,"ZCSU8929949",0
390,358,40531,0,545,"ZCSU8801074",0
391,359,40447,0,544,"ZCSU8298252",0
392,360,40716,0,546,"ZCSU8642943",0
393,361,40618,0,547,"ZCSU8213595",0
394,362,40873,0,552,"ZCSU8571963",0
395,363,40966,0,548,"ZCSU8937348",0
396,364,41140,0,551,"ZCSU8955676",0
397,365,41045,0,553,"SMLU7849050",0
398,366,40790,0,549,"SMLU7821113",0
399,367,41304,0,555,"ZCSU8669142",0
400,368,41222,0,554,"ZCSU8544567",0
401,369,41375,0,556,"SMLU7847524",0
402,370,41473,0,557,"ZCSU8887864",0
404,371,41564,0,558,"ZCSU8302183",0
405,372,41657,0,559,"SMLU7858196",0
406,373,41850,0,561,"ZCSU8896444",0
408,375,41937,0,562,"SMLU7813756",0
409,376,41756,0,560,"ZCSU8382949",0
410,377,42031,0,563,"ZCSU8475189",0
411,378,42178,0,564,"SMLU7813838",0
414,379,42260,0,565,"FSCU6751688",0
415,380,42340,0,566,"SMLU7848557",0
416,381,42423,0,567,"ZCSU8384999",0
417,382,42490,0,568,"CRSU9079126",0
418,383,42662,0,570,"SEFU2003370",0
419,384,42576,0,569,"FSCU9138427",0
420,385,42758,0,572,"ZCSU8395695",0
422,386,42838,0,573,"CLHU8386709",0
423,387,42840,0,573,"CLHU8386709",0
424,388,42665,0,571,"TGHU7748835",0
425,389,42924,0,574,"TGHU7441387",0
426,390,42841,0,575,"SMLU7850847",0
427,391,43189,0,578,"CLHU8443748",0
428,392,43023,0,576,"ZCSU8317563",0
429,393,43257,0,580,"SEFU4503349",0
430,394,43271,0,579,"SAXU4907534",0
431,395,43093,0,577,"FSCU6541418",0
434,396,43275,0,581,"GVCU5262037",0
435,397,43353,0,582,"CAXU9208766",0
436,398,43435,0,583,"FSCU6113390",0
437,399,43450,0,585,"CLHU8855581",0
438,400,43536,0,586,"TGHU8268846",0
439,401,43615,0,587,"ZCSU8424920",0
440,402,43770,0,589,"GESU4804320",0
441,403,43692,0,588,"XINU8130758",0
442,404,43798,0,591,"GLDU0766595",0
443,405,43780,0,590,"TTNU3186999",0
444,406,43884,0,592,"ZCSU7030898",0
446,408,44191,0,597,"MAXU6240933",0
448,409,44126,0,595,"ZCSU8218112",0
450,410,44275,0,596,"CAIU2255384",0
451,411,43977,0,593,"TCNU7252078",0
452,412,44050,0,594,"ZCSU8192131",0
453,413,44301,0,598,"TGHU7591469",0
455,414,44452,0,600,"ZCSU8439108",0
456,415,44530,0,601,"ZCSU8340985",0
457,416,44375,0,599,"UESU4606020",0
458,417,44617,0,603,"ZCSU8237576",0
459,418,44751,0,605,"GLDU0832260",0
461,419,44684,0,602,"SMLU5448309",0
463,421,44865,0,607,"TCKU9837730",0
464,422,45021,0,610,"ZCSU8800170",0
465,423,44943,0,608,"ZCSU8384432",0
466,424,45110,0,609,"ZCSU8306189",0
467,425,45183,0,611,"ZCSU8666014",0
468,426,45361,0,613,"ZCSU8270717",0
469,427,45510,0,615,"GLDU7426684",0
470,428,45281,0,612,"SMLU7838749",0
471,429,45596,0,616,"ZCSU8590388",0
472,430,45758,0,618,"ZCSU8826642",0
473,431,45447,0,614,"TCNU8773949",0
474,432,46268,0,624,"GESU6757526",0
477,434,45680,0,617,"ZCSU8586937",0
478,435,45844,0,619,"ZCSU8337317",0
479,436,46095,0,622,"ZCSU7037758",0
480,437,45999,0,621,"XINU8123907",0
481,438,45920,0,620,"TCNU8549950",0
482,439,46183,0,623,"SMLU7860491",0
483,440,46421,0,626,"DFSU6494943",0
484,441,46510,0,627,"TCNU8946540",0
485,442,46775,0,631,"SMLU7827343",0
486,443,46813,0,629,"ZCSU8274498",0
487,444,46342,0,625,"CRSU9051788",0
488,445,46595,0,628,"ZCSU8819263",0
490,446,46968,0,633,"BSIU9215938",0
491,447,47051,0,634,"CLHU8663151",0
493,448,46880,0,632,"ZCSU8334730",0
494,449,47131,0,635,"ZCSU8855954",0
495,450,47222,0,636,"ZCSU8811283",0
497,451,47306,0,637,"FCIU3779506",0
498,452,47493,0,638,"SMLU7831750",0
499,453,47400,0,640,"TCNU8777820",0
500,454,47308,0,639,"ZCSU8810625",0
501,455,47522,0,641,"TCLU5172546",0
504,456,47607,0,642,"ZCSU8876237",0
505,457,47864,0,645,"FSCU3968495",0
506,458,47781,0,644,"ZCSU8506844",0
507,459,47687,0,643,"FCIU9039549",0
508,460,47894,0,646,"ZCSU8594547",0
509,461,48138,0,649,"AMFU3024680",0
510,462,48076,0,648,"ZCSU8805830",0
511,463,47985,0,647,"ZCSU8268047",0
512,464,48169,0,650,"ZCSU8397281",0
513,465,48255,0,651,"TCNU8750434",0
514,466,48492,0,654,"GESU4862179",0
515,467,48402,0,653,"UESU4507033",0
516,468,48332,0,652,"ZCSU8724614",0
518,469,48541,0,656,"TCLU5119140",0
519,470,48526,0,655,"SMLU2600866",0
520,471,48633,0,657,"ZCSU8574371",0
521,472,48852,0,660,"TTNU3980680",0
522,473,48774,0,658,"DFSU6255928",0
523,474,48695,0,659,"ZCSU8374199",0
524,475,48962,0,661,"ZIMU2548815",0
525,476,48975,0,663,"ZCSU8349180",0
526,477,48877,0,662,"ZCSU8518721",0
527,478,49134,0,665,"ZCSU8364570",0
528,479,49052,0,664,"ZCSU8522254",0
531,480,49445,0,669,"ZCSU8643343",0
532,481,49391,0,668,"FSCU6184603",0
534,482,49308,0,667,"DFSU6299628",0
535,483,49229,0,666,"ZCSU8659571",0
536,484,49538,0,670,"ZCSU7001457",0
537,485,49631,0,672,"ZCSU8347212",0
538,486,49712,0,671,"ZCSU8437430",0
539,487,49893,0,674,"GLDU7570834",0
540,488,49807,0,673,"ZCSU8781677",0
541,489,49982,0,676,"GATU0194158",0
542,490,50105,0,678,"ZCSU8252971",0
543,491,50019,0,677,"ZCSU8267694",0
544,492,50175,0,679,"ZCSU7030579",0
545,493,50340,0,681,"FCIU8954010",0
546,494,50265,0,680,"ZCSU8266126",0
548,495,50665,0,685,"SMLU2560110",0
549,496,50398,0,682,"ZCSU8170317",0
550,497,50486,0,683,"CLHU8488064",0
551,498,50698,0,686,"FSCU3832359",0
552,499,50813,0,688,"DFSU6300550",0
553,500,50727,0,687,"ZCSU8912484",0
554,501,50900,0,689,"ZCSU8395627",0
555,502,50975,0,690,"ZCSU8394045",0
556,503,51231,0,693,"SMLU2556927",0
557,504,51067,0,691,"TCNU8770301",0
558,505,51143,0,692,"ZCSU7033372",0
559,506,51353,0,696,"ZCSU8283205",0
560,507,51282,0,695,"ZCSU8539025",0
561,508,51264,0,694,"TTNU9657782",0
562,509,51607,0,699,"FSCU3371534",0
564,510,51536,0,697,"ZCSU8645238",0
565,511,51454,0,698,"TCNU8385434",0
566,512,51857,0,703,"FCIU3661278",0
567,513,51707,0,700,"FSCU9194544",0
568,514,51780,0,701,"CLHU8476799",0
569,515,51637,0,702,"FSCU6469078",0
570,516,51893,0,704,"ZCSU8370845",0
571,517,52019,0,706,"TCNU8603618",0
572,518,51948,0,705,"ZCSU8940948",0
573,519,52106,0,707,"TTNU2287011",0
574,520,52232,0,708,"ZCSU8339238",0
575,521,52316,0,711,"SMLU6476054",0
577,522,52136,0,710,"ZCSU8477474",0
578,523,52439,0,709,"ZCSU8859184",0
579,524,52398,0,712,"SEFU4206171",0
580,525,52771,0,716,"TTNU1520108",0
581,526,52694,0,714,"BMOU4523110",0
582,527,52526,0,715,"ZCSU8705240",0
584,528,52619,0,713,"FSCU6315600",0
585,529,53030,0,720,"TTNU1308906",0
586,530,52960,0,719,"SMLU7858323",0
587,531,53067,0,721,"ZCSU8285532",0
588,532,52882,0,717,"ZCSU8861920",0
589,533,52800,0,718,"ZCSU8634280",0
590,534,53268,0,724,"ZCSU8719243",0
591,535,53357,0,725,"SEFU4206438",0
592,536,53121,0,722,"CLHU8502809",0
593,537,53203,0,723,"CRSU9079553",0
594,538,53929,0,731,"SEFU4206356",0
595,539,53483,0,727,"ZCSU8258692",0
596,540,54131,0,728,"TCNU8545738",0
597,541,54051,0,734,"TCNU8550396",0
598,542,53971,0,732,"ZCSU8480230",0
599,543,53394,0,726,"ZCSU8500574",0
600,544,53637,0,729,"ZCSU8788326",0
601,545,54214,0,733,"SMLU7823630",0
602,546,54600,0,739,"FSCU9214907",0
603,547,54438,0,736,"ZCSU8684430",0
604,548,54303,0,738,"ZCSU8683135",0
605,549,54370,0,737,"ZCSU8478486",0
606,550,54516,0,735,"ZCSU8260386",0
607,551,54905,0,743,"TCNU9803729",0
608,552,54643,0,740,"ZCSU8435205",0
609,553,54724,0,741,"ZCSU8635327",0
611,554,54812,0,742,"ZCSU8418949",0
612,555,55013,0,746,"TCNU8770955",0
613,556,55110,0,745,"ZCSU8176059",0
615,557,54939,0,744,"ZCSU8871908",0
616,558,55613,0,752,"SEFU4200569",0
618,559,55193,0,749,"ZCSU8854080",0
619,560,55285,0,750,"ZCSU8414481",0
620,561,55366,0,751,"ZCSU8736132",0
621,562,55431,0,747,"SMLU7845120",0
622,563,55518,0,748,"SMLU7836725",0
623,564,55686,0,754,"SEFU4202258",0
624,565,55735,0,753,"ZCSU8305562",0
626,566,55815,0,755,"ZCSU8312535",0
627,567,55890,0,756,"SMLU7819311",0
628,568,56142,0,762,"TTNU1577084",0
629,569,56072,0,758,"FSCU6769440",0
630,570,55988,0,757,"ZCSU8864880",0
631,571,56341,0,760,"SMLU7863398",0
632,572,56260,0,761,"SMLU7832421",0
633,573,56172,0,759,"SMLU7839792",0
634,574,56415,0,763,"SEFU2000751",0
635,575,56446,0,764,"FSCU6756606",0
636,576,56546,0,765,"FSCU6177857",0
638,578,56727,0,768,"TCNU8771632",0
639,579,56825,0,769,"SMLU7829916",0
643,581,56937,0,766,"SEFU4206119",0
644,582,56644,0,767,"TRLU6734652",0
645,583,56946,0,770,"FSCU3511575",0
646,584,56976,0,771,"ZCSU8606695",0
648,585,57061,0,772,"SMLU7848921",0
649,586,57188,0,774,"TCNU8186448",0
651,587,57270,0,775,"SMLU7850575",0
652,588,57353,0,776,"SMLU7837130",0
653,589,57155,0,773,"TCKU9861865",0
654,590,57519,0,778,"SMLU7831831",0
655,591,57432,0,777,"ZCSU8341451",0
656,592,57701,0,780,"SMLU7831024",0
657,593,57799,0,781,"FSCU3368084",0
658,594,57618,0,779,"FSCU6969140",0
659,595,57837,0,782,"FCIU3307433",0
660,596,57870,0,783,"ZCSU8997584",0
661,597,57949,0,784,"FSCU6546580",0
662,598,58036,0,785,"SEFU2002564",0
663,599,58069,0,786,"CRSU9019981",0
664,600,58160,0,787,"SMLU7840279",0
665,601,58253,0,788,"FSCU9770212",0
666,602,58311,0,790,"TCNU8755333",0
667,603,58288,0,789,"SEFU2007041",0
668,604,58467,0,792,"AMFU8642248",0
670,606,58633,0,794,"FSCU9527732",0
671,607,58389,0,791,"DFSU6258470",0
672,608,58728,0,796,"ZCSU8837170",0
673,609,58798,0,797,"ZCSU8275489",0
674,610,58676,0,795,"ZCSU8616435",0
675,611,58883,0,798,"CAXU8175267",0
676,612,58975,0,796,"ZCSU8837170",0
677,613,58978,0,799,"SEFU4209910",0
678,614,59040,0,800,"SEFU4201652",0
679,615,59196,0,801,"ZCSU8216655",0
680,616,59292,0,806,"DFSU6237523",0
681,617,59119,0,802,"ZCSU8936676",0
682,618,59370,0,804,"TGHU7786440",0
683,619,59449,0,805,"FSCU6282066",0
684,620,59527,0,807,"ZCSU8170317",0
685,621,59595,0,813,"SEFU4202860",0
686,622,59609,0,814,"TCNU8007183",0
687,623,59916,0,817,"ZCSU8976128",0
688,624,59768,0,810,"UESU5060973",0
689,625,59834,0,816,"TCKU9789800",0
690,626,59968,0,809,"SMLU7828416",0
691,627,60043,0,815,"ZCSU8614068",0
694,630,60654,0,829,"FSCU9464629",0
695,631,60426,0,825,"ZCSU8264843",0
696,632,60711,0,821,"ZCSU8631846",0
697,633,60572,0,822,"ZCSU8880556",0
699,634,61271,0,831,"TCNU9186951",0
700,635,61365,0,833,"SEFU4208050",0
701,636,61436,0,835,"FSCU9051688",0
702,637,60878,0,819,"FSCU6543175",0
703,638,61045,0,820,"CRSU9006120",0
704,639,60969,0,824,"FSCU6956604",0
705,640,60121,0,818,"GESU6751868",0
706,641,60799,0,823,"CAXU9254930",0
708,643,61625,0,837,"GESU1372882",0
709,644,61659,0,838,"SEFU4207162",0
710,645,61732,0,839,"ZCSU8911554",0
713,646,61919,0,836,"SMLU7825654",0
714,647,62008,0,842,"FCIU9360008",0
715,648,62083,0,843,"SMLU7821957",0
716,649,62422,0,847,"SMLU7835800",0
717,650,61835,0,840,"TTNU9574374",0
718,651,62227,0,845,"SMLU7857712",0
719,652,62329,0,846,"SMLU7816061",0
720,653,62172,0,844,"SMLU7834851",0
721,654,62504,0,848,"FSCU6866060",0
722,655,62568,0,850,"SMLU7853189",0
723,656,62637,0,851,"GESU4217597",0
724,657,62725,0,852,"CRXU9857435",0
726,658,62786,0,849,"GLDU0730340",0
727,659,62867,0,853,"SMLU7848900",0
728,660,62958,0,854,"TGHU7702808",0
729,661,63021,0,855,"SEFU2005223",0
730,662,63056,0,856,"TGHU7543603",0
731,663,63232,0,858,"ZCSU8960543",0
733,665,63144,0,857,"ZCSU8689832",0
735,666,63324,0,859,"FSCU3622780",0
737,667,63362,0,861,"TTNU3948604",0
738,668,63393,0,862,"FSCU6596447",0
739,669,63480,0,865,"CLHU8911730",0
740,670,63569,0,866,"FSCU3832071",0
742,671,63660,0,868,"ZCSU8795407",0
743,672,63600,0,867,"UESU4500390",0
744,673,63796,0,870,"FCIU2599541",0
745,674,63742,0,869,"GLDU7190536",0
746,675,63818,0,871,"ZCSU8503608",0
747,676,63914,0,872,"SEFU4210741",0
748,677,64048,0,874,"ZCSU8418152",0
749,678,64140,0,875,"TCKU9415478",0
750,679,63974,0,873,"ZCSU8641211",0
752,680,64222,0,876,"TCKU9229621",0
753,681,64305,0,877,"ZCSU8403044",0
754,682,64352,0,878,"FSCU6559757",0
755,683,64403,0,879,"ZCSU8387616",0
756,684,64477,0,880,"ZCSU8787799",0
757,685,64570,0,881,"SEFU2005250",0
758,686,64703,0,883,"ZCSU8241088",0
759,687,64783,0,884,"XINU8131230",0
760,688,64608,0,882,"FSCU6866060",0
761,689,64865,0,885,"SEFU4203444",0
762,690,64920,0,886,"TCNU8553097",0
763,691,65000,0,887,"SMLU7843616",0
764,692,65085,0,888,"FSCU6685415",0
766,694,65237,0,890,"SMLU7821577",0
767,695,65328,0,891,"SEFU4206464",0
768,696,65384,0,892,"AMFU8531476",0
769,697,65485,0,893,"SMLU7819482",0
770,698,65576,0,894,"SEFU4210377",0
771,699,65619,0,895,"CRSU9011384",0
772,700,65704,0,896,"TCNU9477520",0
773,701,65886,0,898,"FSCU6815669",0
774,702,65791,0,897,"SMLU7850338",0
775,703,65978,0,899,"SEFU4205874",0
776,704,66133,0,902,"FSCU6833889",0
777,705,66038,0,901,"GLDU7248638",0
778,706,66219,0,903,"ZCSU8707073",0
779,707,66474,0,906,"SEFU2003745",0
780,708,66390,0,905,"UESU5254109",0
781,709,66301,0,904,"TGHU7883075",0
782,710,66579,0,908,"TTNU1425190",0
783,711,66618,0,909,"SMLU7852120",0
784,712,66511,0,907,"TTNU9192200",0
785,713,66774,0,911,"FCIU2698170",0
786,714,66800,0,912,"GLDU0750109",0
787,715,66702,0,910,"FSCU6484473",0
788,716,66966,0,914,"ZCSU8972082",0
789,717,66886,0,913,"ZCSU8492843",0
790,718,67047,0,915,"GESU6752205",0
791,719,67237,0,918,"FCIU3514050",0
792,720,67278,0,919,"UESU4695964",0
793,721,67123,0,917,"SMLU7861250",0
794,722,67453,0,921,"ZCSU8867934",0
795,723,67363,0,920,"ZCSU8976811",0
796,724,67537,0,922,"ZCSU8682571",0
797,725,67689,0,926,"SEFU4202469",0
798,726,67605,0,923,"FCIU9357133",0
799,727,67912,0,927,"ZCSU8540509",0
800,728,67825,0,928,"TRLU5782126",0
801,729,67747,0,246,"FCIU8085853",0
802,730,68084,0,929,"SEFU4207692",0
803,731,68000,0,604,"FSCU6046395",0
806,732,68198,0,935,"ZCSU8810688",0
808,733,68277,0,936,"ZCSU8450426",0
809,734,68148,0,934,"TEMU6768373",0
810,735,68352,0,937,"GATU8665167",0
811,736,68424,0,938,"TGHU7891872",0
812,737,68653,0,939,"ZCSU8940151",0
813,738,68565,0,940,"ZCSU8643425",0
814,739,68719,0,942,"BSIU9074573",0
815,740,68489,0,941,"AMFU8888910",0
816,741,68781,0,943,"TCKU1505410",0
818,742,68969,0,948,"ZCSU8991586",0
819,743,68804,0,945,"ZCSU8427107",0
820,744,68897,0,944,"CLHU8442058",0
821,745,69059,0,949,"CAXU9891559",0
822,746,69128,0,946,"SMLU7864882",0
823,747,69207,0,950,"TCKU9053086",0
824,748,69251,0,951,"SMLU7866864",0
825,749,69403,0,953,"CAXU9392307",0
826,750,69330,0,952,"GESU4216076",0
827,751,69487,0,954,"ZCSU7010865",0
828,752,69557,0,956,"INKU2342940",0
829,753,69620,0,955,"ZCSU8728543",0
830,754,69769,0,959,"SMLU7849126",0
831,755,69697,0,958,"SMLU7848644",0
832,756,69853,0,960,"SMLU7849743",0
833,757,69939,0,961,"TTNU1591550",0
834,758,70195,0,962,"SMLU7842986",0
835,759,70109,0,965,"SMLU7845732",0
836,760,70039,0,964,"SMLU7816518",0
837,761,69965,0,963,"FCIU9344959",0
838,762,70432,0,969,"TGHU8191662",0
839,763,70482,0,968,"FCIU8887355",0
840,764,70262,0,966,"TCKU9490569",0
841,765,70345,0,967,"FSCU6413741",0
842,766,70826,0,973,"CLHU2165700",0
843,767,70737,0,972,"SMLU7833686",0
844,768,70672,0,971,"SMLU7816734",0
845,769,70576,0,970,"SMLU7844715",0
846,770,71032,0,977,"SEFU4210675",0
847,771,71177,0,974,"TRLU5856614",0
848,772,71086,0,978,"SMLU7862560",0
849,773,70953,0,975,"FSCU6750090",0
850,774,70860,0,976,"TGHU9062187",0
851,775,71540,0,982,"GESU6755605",0
852,776,71364,0,980,"FCIU8408241",0
853,777,71456,0,981,"FSCU9073199",0
855,778,71268,0,979,"GESU4891881",0
856,779,71591,0,984,"FCIU8747374",0
857,780,71755,0,983,"FCIU2537895",0
858,781,71883,0,987,"BHCU4916119",0
859,782,71795,0,985,"SMLU7857841",0
860,783,71684,0,986,"TEXU5209121",0
861,784,72162,0,990,"SEFU4207080",0
862,785,71982,0,988,"TGHU8134699",0
863,786,72069,0,989,"SMLU7841315",0
865,788,72208,0,993,"SMLU7840005",0
866,789,72385,0,992,"FSCU6340901",0
867,790,72293,0,991,"TGHU8434870",0
868,791,72642,0,996,"TCNU9303940",0
869,792,72464,0,994,"ZCSU8832096",0
870,793,72551,0,995,"SMLU7864645",0
871,794,72865,0,999,"FCIU3777735",0
872,795,72700,0,997,"SMLU7835375",0
873,796,72788,0,998,"SMLU7861538",0
874,797,72917,0,1003,"UESU5214847",0
875,798,72886,0,1000,"SMLU2723789",0
876,799,72995,0,1001,"SMLU7852834",0
877,800,73100,0,1002,"GESU4806616",0
878,801,73348,0,1007,"SEFU2003220",0
880,802,73376,0,1004,"ZIMU2970749",0
881,803,73182,0,1005,"FCIU8370608",0
882,804,73285,0,1006,"GESU4496151",0
883,805,73386,0,1010,"SEFU2005917",0
884,806,73512,0,1008,"BSIU9038405",0
885,807,73413,0,1009,"GESU4178443",0
886,808,73583,0,1012,"ZCSU8681385",0
887,809,73666,0,1013,"BMOU4504697",0
888,810,73750,0,1014,"GESU6919144",0
890,811,73788,0,1015,"ZCSU8227963",0
891,812,73884,0,1017,"TTNU1996898",0
892,813,74053,0,1019,"TCNU8546014",0
893,814,73979,0,1016,"BSIU9062211",0
894,815,73909,0,1018,"XINU8153310",0
895,816,74137,0,1020,"ZCSU8632550",0
896,817,74223,0,1021,"TCKU9866039",0
897,818,74351,0,1023,"BSIU9042534",0
898,819,74276,0,1022,"TGHU6433237",0
899,820,74443,0,1024,"TCNU8755890",0
900,821,74592,0,1026,"SEFU4209381",0
901,822,74529,0,1025,"CLHU8059516",0
903,823,74655,0,1028,"FCIU8135569",0
904,824,74726,0,1029,"TCNU9793493",0
905,825,74793,0,1030,"SMLU7814541",0
906,826,74875,0,1030,"SMLU7814541",0
907,827,74955,0,1032,"GLDU7403570",0
908,828,74876,0,1031,"FCIU8746700",0
909,829,75032,0,1033,"SMLU7843004",0
910,830,75092,0,1034,"TEMU6795023",0
911,831,75153,0,1035,"SMLU7817094",0
912,832,75232,0,1036,"SMLU7838585",0
913,833,75305,0,1037,"CAXU8153102",0
914,834,75381,0,1038,"CRSU9095343",0
916,835,75465,0,1039,"FSCU9462858",0
917,836,75695,0,1047,"TCNU8549477",0
918,837,75837,0,1043,"UESU5240018",0
919,838,75621,0,1041,"SMLU7849717",0
920,839,75971,0,1045,"TGHU7008696",0
922,840,75542,0,1040,"SMLU7848264",0
923,841,76049,0,1046,"SMLU7838060",0
924,842,75903,0,1044,"SMLU5438764",0
925,843,75772,0,1042,"SMLU7860887",0
926,844,76132,0,1048,"SEFU4212404",0
927,845,76202,0,1049,"SEGU4211593",0
928,846,76422,0,1053,"SEFU4210090",0
929,847,76484,0,1054,"SMLU5445526",0
930,848,76555,0,1055,"SMLU5456942",0
931,849,76632,0,1056,"SMLU5440993",0
932,850,76348,0,1051,"SMLU5454662",0
933,851,76276,0,1050,"CRLU6212013",0
935,853,76874,0,1058,"SMLU5434537",0
937,854,76955,0,1059,"SMLU7811331",0
938,855,77543,0,1065,"GLDU7044758",0
939,856,77487,0,1066,"FSCU6492400",0
940,857,77046,0,1060,"SMLU7865940",0
941,858,77133,0,1061,"GVDU5042756",0
942,859,77225,0,1062,"SMLU7865873",0
943,860,77322,0,1063,"TCNU8000682",0
944,861,77398,0,1064,"TGHU8315439",0
945,862,77607,0,1067,"SMLU2728625",0
946,863,77801,0,1071,"SMLU7857610",0
948,864,77888,0,1068,"FSCU6900204",0
949,865,77644,0,1069,"FCIU9353945",0
950,866,77985,0,1072,"FSCU6655621",0
951,867,78064,0,1073,"BSIU9128366",0
952,868,78151,0,1074,"BSIU2754938",0
953,869,78293,0,1078,"SMLU7838899",0
954,870,78193,0,1075,"CRSU9079830",0
955,871,78528,0,1081,"ZCSU8685971",0
956,872,78629,0,1082,"CAXU9970149",0
957,873,78456,0,1080,"SMLU7859166",0
958,874,78787,0,1084,"SMLU2542630",0
959,875,78719,0,1083,"ZCSU8764284",0
960,876,78824,0,1085,"SMLU7857190",0
961,877,78988,0,1087,"SMLU2568147",0
962,878,78898,0,1086,"CLHU8323470",0
963,879,79159,0,1090,"FSCU3398290",0
964,880,79008,0,1088,"SMLU7844799",0
965,881,79083,0,1089,"SMLU7862452",0
966,882,79248,0,1093,"SMLU7846791",0
967,883,79189,0,1091,"SMLU7821031",0
968,884,79329,0,1094,"TEXU5168640",0
969,885,79383,0,1095,"TTNU9540538",0
970,886,79477,0,1097,"SMLU7864537",0
971,887,79547,0,1098,"GESU1357002",0
972,888,79577,0,1096,"TCNU9255991",0
973,889,79834,0,1101,"SMLU7856784",0
974,890,79757,0,1100,"INKU6239150",0
975,891,79671,0,1099,"SMLU7843391",0
976,892,79890,0,1103,"SMLU7800722",0
977,893,80015,0,1102,"XINU8221056",0
978,894,79929,0,1104,"ZCSU8911235",0
979,895,80089,0,1105,"SEFU2008599",0
980,896,80119,0,1106,"FSCU9925470",0
981,897,80209,0,1107,"TCNU5781616",0
982,898,80287,0,1112,"SEFU2007545",0
983,899,80593,0,1108,"ZCSU8812459",0
984,900,80329,0,1109,"TCNU5370220",0
985,901,80506,0,1110,"TTNU9082749",0
986,902,80420,0,1111,"SMLU7837974",0
987,903,80677,0,1113,"TTNU3881521",0
988,904,80708,0,1114,"DFSU6302613",0
989,905,80844,0,1115,"SMLU7807481",0
990,906,80777,0,1116,"AMFU8593349",0
991,907,80937,0,1117,"GESU4994339",0
992,908,81086,0,1118,"SMLU7841172",0
993,909,80985,0,1119,"FSCU6316891",0
994,910,81173,0,1120,"ZCSU8777152",0
995,911,81340,0,1123,"SMLU7852372",0
996,912,81416,0,1124,"TCNU9968499",0
997,913,81261,0,1121,"FCIU9353781",0
998,914,81497,0,1125,"SMLU7861800",0
1000,915,81602,0,1126,"FCIU2206808",0
1001,916,81642,0,1127,"SMLU7863696",0
1002,917,81793,0,1129,"SMLU7871428",0
1003,918,81715,0,1128,"SMLU7821710",0
1004,919,82057,0,1130,"FSCU9226127",0
1005,920,82010,0,1133,"TCNU9354931",0
1006,921,81880,0,1131,"SMLU7827370",0
1007,922,81953,0,1132,"SMLU7840577",0
1008,923,82175,0,1135,"TGHU0282344",0
1009,924,82205,0,1136,"ZCSU8933316",0
1010,925,82106,0,1134,"GATU8547647",0
1011,926,82292,0,1137,"ZCSU8812525",0
1012,927,82366,0,1138,"SMLU7845476",0
1013,928,82453,0,1139,"FSCU9801057",0
1014,929,82600,0,1141,"TEMU6771905",0
1015,930,82519,0,1140,"TEMU6746179",0
1016,931,82662,0,1142,"BSIU9106726",0
1018,932,82932,0,1145,"CXDU2041735",0
1019,933,82758,0,1143,"FCIU8914173",0
1020,934,82843,0,1144,"TCNU8379555",0
1021,935,83157,0,1147,"SEFU2008412",0
1022,936,83074,0,1148,"BMOU4509981",0
1023,937,82985,0,1146,"GLDU7046473",0
1024,938,83335,0,1155,"TGHU7718595",0
1025,939,83192,0,1149,"ZCSU8813136",0
1026,940,83266,0,1150,"FSCU6594043",0
1027,941,83450,0,1153,"GLDU7098754",0
1028,942,83510,0,1152,"SMLU7840005",0
1029,943,83390,0,1151,"BSIU9092319",0
1030,944,83800,0,1159,"GESU4869208",0
1031,945,83850,0,1160,"ZCSU8843070",0
1032,946,83712,0,1158,"SMLU7827277",0
1033,947,83643,0,1157,"SMLU7825340",0
1034,948,83917,0,1164,"AMFU8922043",0
1035,949,83951,0,1161,"ZCSU8729180",0
1036,950,84130,0,1163,"CAXU9811893",0
1037,951,84036,0,1162,"MAXU6270990",0
1038,952,84195,0,1165,"FCIU8344229",0
1040,953,84326,0,1168,"CRSU9076997",0
1041,954,84246,0,1167,"ZCSU8646825",0
1042,955,84393,0,1166,"FCIU8910033",0
1043,956,84470,0,1169,"ZCSU8334621",0
1044,957,84557,0,1170,"FSCU6771339",0
1046,958,84852,0,1174,"SEFU4213150",0
1047,959,84775,0,1173,"GLDU0704037",0
1048,960,84625,0,1171,"SMLU7849698",0
1049,961,84697,0,1172,"SMLU7814618",0
1050,962,84972,0,1176,"ZCSU8232677",0
1051,963,84913,0,1175,"GLDU0889856",0
1052,964,85042,0,1177,"SEGU4208028",0
1053,965,85105,0,1178,"SMLU7869122",0
1054,966,85189,0,1179,"BHCU4952902",0
1055,967,85426,0,1182,"CAXU9324025",0
1056,968,85336,0,1181,"ZCSU7026521",0
1057,969,85265,0,1180,"GVDU5071137",0
1058,970,85473,0,1183,"UESU4587018",0
1059,971,85557,0,1184,"SMLU7868996",0
1060,972,85647,0,1185,"SMLU2568595",0
1061,973,85688,0,1186,"ZCSU8929450",0
1062,974,85773,0,1187,"AMFU8728547",0
1063,975,86140,0,1192,"SMLU7878633",0
1064,976,86039,0,1191,"CRSU9066480",0
1065,977,85853,0,1188,"GESU6306414",0
1066,978,86203,0,1190,"TCNU9835557",0
1067,979,86357,0,1194,"SEFU2009949",0
1068,980,86302,0,1193,"SEFU4215234",0
1069,981,86472,0,1196,"CRSU9011872",0
1070,982,86386,0,1195,"ZCSU8930636",0
1071,983,86568,0,1197,"GESU4803387",0
1072,984,86649,0,1198,"SMLU2545434",0
1073,985,86691,0,1199,"ZCSU8520950",0
1074,986,86776,0,1200,"ZCSU8787438",0
1075,987,87052,0,1203,"GVCU5221104",0
1076,988,86863,0,1201,"SMLU7821134",0
1078,989,86963,0,1202,"CAXU9005769",0
1079,990,87390,0,1207,"FSCU9854756",0
1080,991,87210,0,1205,"SMLU7865549",0
1081,992,87304,0,1206,"ZCSU8271457",0
1082,993,87137,0,1204,"SMLU7875911",0
1083,994,87437,0,1209,"SMLU7818526",0
1084,995,87479,0,1208,"ZCSU8808973",0
1085,996,87649,0,1210,"SMLU7878700",0
1086,997,87577,0,1211,"UESU5117596",0
1087,998,88160,0,1216,"SMLU7867942",0
1088,999,88077,0,1217,"SMLU7871829",0
1089,1000,88242,0,1218,"TCKU9210170",0
1090,1001,87999,0,1215,"CLHU8546957",0
1091,1002,88415,0,1220,"GESU6022887",0
1092,1003,88506,0,1219,"SMLU7862431",0
1093,1004,88587,0,1221,"ZCSU8651251",0
1094,1005,88672,0,1222,"TCNU7707222",0
1095,1006,88753,0,1223,"TCNU6808060",0
1096,1007,88854,0,1225,"SMLU7858977",0
1097,1008,88930,0,1226,"ZCSU8662765",0
1098,1009,89000,0,1227,"SMLU7860948",0
1099,1010,89305,0,1231,"SEFU2006750",0
1100,1011,89058,0,1228,"TEMU6752037",0
1101,1012,89148,0,1229,"ZCSU8696410",0
1102,1013,89217,0,1230,"ZCSU8876258",0
1103,1014,89341,0,1232,"GESU4361686",0
1105,1015,89498,0,1234,"ZCSU8422105",0
1107,1016,89420,0,1233,"ZCSU8866202",0
1108,1017,89583,0,1235,"GESU6916485",0
1109,1018,89701,0,1237,"SMLU7834466",0
1110,1019,89632,0,1236,"SMLU7839920",0
1111,1020,89794,0,1239,"TCNU9595137",0
1112,1021,89832,0,1238,"ZCSU8760015",0
1114,1022,89893,0,1240,"CAIU8027669",0
1115,1023,89975,0,1241,"SMLU7835713",0
1117,1025,90251,0,0,"FCIU8020940",0
1119,1027,90049,0,1245,"SEFU4204440",0
1122,1029,90103,0,1242,"SMLU7853580",0
1123,1030,90103,0,0,"           ",0
1124,1031,90174,0,1243,"SMLU7842353",0
1125,1032,90340,0,1246,"SMLU7837850",0
1126,1033,90382,0,1253,"ZCSU8415092",0
1127,1034,90423,0,1247,"ZCSU8201383",0
1128,1035,90825,0,1248,"SMLU7845054",0
1129,1036,90597,0,1249,"SMLU7820246",0
1130,1037,90903,0,1250,"TCNU5545539",0
1131,1038,90757,0,1252,"ZCSU8842915",0
1133,1039,90672,0,1251,"DFSU6488642",0
1135,1040,91197,0,1257,"GLDU2083392",0
1136,1041,90979,0,1254,"SMLU7885057",0
1137,1042,91131,0,1256,"TCKU9736924",0
1140,1045,91265,0,1259,"SMLU7874350",0
1141,1046,91053,0,1255,"GESU4361460",0
1143,1047,91232,0,1258,"ZCSU8788080",0
1144,1048,91414,0,1261,"CRSU9062102",0
1145,1049,91486,0,1262,"ZCSU8863570",0
1147,1051,91788,0,1265,"SEFU4215390",0
1148,1052,91738,0,1266,"GESU6842612",0
1149,1053,91577,0,1263,"CRSU9062735",0
1151,1054,92009,0,1268,"TGHU6433237",0
1152,1055,91853,0,1267,"TCNU9940887",0
1153,1056,91660,0,1264,"ZCSU8407667",0
1155,1058,92169,0,1270,"TCNU9640283",0
1156,1059,92244,0,1271,"FSCU6592457",0
1157,1060,92096,0,1269,"SMLU7833259",0
1158,1061,92331,0,1272,"GESU5972252",0
1159,1062,92406,0,1273,"SEFU4201945",0
1160,1063,92473,0,1274,"SEFU2010111",0
1161,1064,92841,0,1280,"ZCSU8880561",0
1162,1065,92498,0,1276,"TCNU5500616",0
1163,1066,92911,0,1281,"SMLU7835713",0
1165,1068,92585,0,1277,"ZCSU8733051",0
1166,1069,92675,0,1278,"ZCSU8239028",0
1167,1070,92766,0,1279,"ZCSU8596909",0
1168,1071,93008,0,1282,"CLHU9124447",0
1169,1072,93279,0,1280,"ZCSU8880561",0
1170,1073,93181,0,1284,"ZCSU8216125",0
1171,1074,93081,0,1283,"ZCSU8500790",0
1172,1075,93282,0,1286,"SMLU7870653",0
1173,1076,93366,0,1285,"SMLU7837505",0
1174,1077,93436,0,1287,"CAXU9042654",0
1175,1078,93504,0,1288,"CRSU9076955",0
1176,1079,93605,0,1289,"FSCU9612109",0
1177,1080,93668,0,1290,"TTNU1635961",0
1178,1081,93708,0,1291,"ZCSU8332640",0
1179,1082,93791,0,1292,"SMLU7834086",0
1180,1083,93976,0,1293,"SMLU2576219",0
1181,1084,93879,0,1294,"ZCSU8226653",0
1182,1085,94007,0,1295,"ZCSU8683095",0
1183,1086,94206,0,1297,"ZCSU8623265",0
1184,1087,94110,0,1296,"SMLU7872173",0
1185,1088,94395,0,1299,"TCNU6111115",0
1186,1089,94298,0,1298,"GVDU5071029",0
1187,1090,94448,0,1300,"XINU8129802",0
1188,1091,94684,0,1303,"TCNU9566545",0
1189,1092,94976,0,1308,"GLDU2153057",0
1190,1093,94926,0,1307,"ZCSU8664140",0
1191,1094,94506,0,1301,"SMLU7878910",0
1193,1096,94590,0,1302,"GVCU5267949",0
1194,1097,94747,0,1304,"GESU5260197",0
1195,1098,94833,0,1306,"GESU5962465",0
1196,1099,95010,0,1309,"SMLU7886069",0
1197,1100,95098,0,1310,"GLDU3559380",0
1198,1101,95136,0,1311,"ZCSU8521812",0
1199,1102,95454,0,1315,"FSCU9339463",0
1200,1103,95217,0,1312,"TRLU6762530",0
1201,1104,95494,0,1316,"CRXU3013801",0
1202,1105,95308,0,1313,"FSCU9289017",0
1203,1106,95371,0,1314,"ZCSU8734232",0
1204,1107,95525,0,1317,"CLHU8677181",0
1205,1108,95618,0,1319,"SMLU7816539",0
1206,1109,95922,0,1322,"SMLU7864590",0
1207,1110,95688,0,1318,"ZCSU8514048",0
1208,1111,95771,0,1320,"TGHU9376167",0
1209,1112,96043,0,1325,"SMLU7883943",0
1210,1113,96132,0,1324,"SMLU7881088",0
1211,1114,95968,0,1323,"CAIU9228797",0
1212,1115,95839,0,1321,"ZCSU8799167",0
1213,1116,96202,0,1326,"GESU5484324",0
1214,1117,96366,0,1328,"SMLU7813397",0
1215,1118,96269,0,1327,"GESU5510594",0
1216,1119,96457,0,1329,"XINU8091918",0
1217,1120,96683,0,1332,"SMLU7846261",0
1218,1121,96622,0,1331,"SMLU7863124",0
1219,1122,96539,0,1330,"FCIU8872458",0
1220,1123,96766,0,1333,"UESU5182098",0
1221,1124,96827,0,1334,"DFSU6538738",0
1222,1125,96976,0,1336,"TGHU8966960",0
1223,1126,96919,0,1335,"GATU8733960",0
1224,1127,97053,0,1337,"TCKU9003296",0
1225,1128,97123,0,1338,"CAIU9226243",0
1226,1129,97290,0,1340,"GLDU7271047",0
1227,1130,97506,0,1343,"ZCSU8723080",0
1228,1131,97206,0,1339,"GVCU5325897",0
1229,1132,97417,0,1341,"SMLU7880517",0
1230,1133,97601,0,1344,"TRLU3529696",0
1231,1134,97328,0,1342,"ZCSU8844775",0
1232,1135,97636,0,1345,"SMLU7835267",0
1234,1136,97716,0,1346,"CLHU2127486",0
1235,1137,97920,0,1349,"GLDU7013382",0
1236,1138,97754,0,1347,"TCNU6835208",0
1237,1139,97841,0,1348,"ZCSU8247511",0
1238,1140,97995,0,1350,"SMLU7827298",0
1239,1141,98109,0,1351,"FSCU9875640",0
1240,1142,98041,0,1352,"ZCSU8569035",0
1241,1143,98207,0,1353,"FSCU3277852",0
1242,1144,98326,0,1355,"TGHU7538295",0
1243,1145,98246,0,1354,"BSIU9710103",0
1244,1146,98400,0,1356,"TGHU8909467",0
1245,1147,98536,0,1358,"FSCU9602034",0
1246,1148,98473,0,1359,"ZCSU8586027",0
1247,1149,98583,0,1357,"AMFU8668411",0
1248,1150,98650,0,1360,"ZCSU8300200",0
1249,1151,98892,0,1363,"SEFU4200867",0
1250,1152,98805,0,1362,"SMLU7892837",0
1251,1153,98716,0,1361,"AMFU8844613",0
1252,1154,99124,0,1366,"SEFU4215698",0
1253,1155,99034,0,1365,"CAIU9229520",0
1254,1156,98940,0,1364,"CRSU9080390",0
1255,1157,99175,0,1367,"TCNU6810370",0
1256,1158,99228,0,1368,"SEFU4200614",0
1257,1159,99290,0,1369,"FSCU6833106",0
1258,1160,99371,0,1370,"BSIU9697697",0
1259,1161,99435,0,1371,"SMLU7852304",0
1260,1162,99500,0,1372,"SMLU7838203",0
1261,1163,99588,0,1373,"SEFU4212600",0
1262,1164,99654,0,1374,"TCNU5359621",0
1263,1165,99745,0,1375,"ZCSU8779480",0
1264,1166,99832,0,1376,"GESU6754492",0
1266,1167,99998,0,1377,"SEFU2012789",0
1267,1168,99911,0,1378,"ZCSU7026218",0
1268,1169,100035,0,1379,"ZCSU7000173",0
1269,1170,100109,0,1380,"GESU6757378",0
1270,1171,100195,0,1381,"TGHU8177880",0
1271,1172,100282,0,1382,"SEFU4203779",0
1272,1173,100415,0,1384,"ZCSU8669564",0
1273,1174,100347,0,1383,"DFSU6298750",0
1274,1175,100586,0,1385,"SMLU7853553",0
1275,1176,100497,0,1386,"FSCU9338256",0
1276,1177,100717,0,1388,"FSCU7326580",0
1277,1178,100662,0,1387,"FSCU9984997",0
1278,1179,100826,0,1390,"ZCSU8731207",0
1279,1180,100739,0,1389,"DFSU6496099",0
1280,1181,100911,0,1392,"FSCU6542287",0
1281,1182,101001,0,1391,"SMLU7833161",0
1282,1183,101144,0,1394,"CRXU3456380",0
1283,1184,101084,0,1393,"SEGU5081067",0
1284,1185,101263,0,1396,"ZCSU8516204",0
1285,1186,101171,0,1395,"ZCSU8560167",0
1286,1187,101440,0,1398,"SMLU5442975",0
1287,1188,101345,0,1397,"FCIU9360306",0
1288,1189,101572,0,1400,"CRSU9072498",0
1289,1190,101513,0,1399,"SEFU4215281",0
1290,1191,101653,0,1401,"FCIU9373469",0
1291,1192,101743,0,1402,"GESU5543052",0
1292,1193,101832,0,1403,"FCIU9359291",0
1293,1194,101984,0,1405,"BSIU9118413",0
1294,1195,101929,0,1404,"SEFU4208209",0
1295,1196,102189,0,1405,"BSIU9118413",0
1296,1197,102108,0,1407,"CAXU9055986",0
1297,1198,102060,0,1406,"CRXU9914690",0
1298,1199,102190,0,1408,"SEFU4211120",0
1299,1200,102359,0,1412,"ZCSU7040957",0
1300,1201,102445,0,1409,"ZCSU8923581",0
1301,1202,102260,0,1411,"TGHU8665695",0
1302,1203,102517,0,1410,"SMLU7868276",0
1303,1204,102615,0,1413,"SEGU4215670",0
1304,1205,102686,0,1414,"ZCSU8663870",0
1305,1206,102871,0,1416,"FCIU9264977",0
1306,1207,102781,0,1415,"DFSU6299839",0
1307,1208,103054,0,1418,"SEFU4200466",0
1308,1209,103175,0,1420,"ZCSU8595013",0
1309,1210,102967,0,1417,"BSIU9704435",0
1310,1211,103264,0,1421,"TCNU9482130",0
1311,1212,103357,0,1422,"SMLU7906329",0
1312,1213,103112,0,1419,"SEGU5263610",0
1313,1214,103500,0,1424,"TCNU5364232",0
1314,1215,103670,0,1425,"BSIU9682207",0
1315,1216,103567,0,1426,"ZCSU7060207",0
1316,1217,103445,0,1423,"FSCU9769401",0
1317,1218,103842,0,1427,"SMLU7869159",0
1318,1219,103752,0,1428,"SMLU7844720",0
1319,1220,103921,2,1429,"SMLU7852304",0
1320,1221,104004,2,1430,"SEGU4151880",0
1321,1222,104057,0,1431,"ZCSU7008810",0
1322,1223,104138,2,1432,"UESU5213990",0
1323,1224,104233,0,1433,"SMLU7900640",0
1324,1225,104321,2,1434,"SEFU4214074",0
1325,1226,104372,2,1435,"ZCSU7065507",0
1326,1227,104469,2,1436,"ZCSU8478510",0
1327,1228,104570,2,1437,"SMLU7908126",0
1328,1229,104663,2,1438,"SEFU4212770",0
1329,1230,104716,0,1439,"ZCSU8673158",0
1330,1231,104874,2,1441,"AMFU8853770",0
1331,1232,104791,2,1440,"SMLU7875357",0
1332,1233,104960,0,1442,"SEFU4203130",0
1333,1234,105018,2,1443,"AMFU8668411",0
1334,1235,105100,2,1444,"SMLU7835098",0
1335,1236,105325,2,1447,"ZCSU8637192",0
1336,1237,105190,2,1445,"GLDU7306441",0
1337,1238,105241,2,1446,"TCNU6832976",0
1338,1239,105412,2,1448,"TCNU9917784",0
1339,1240,105519,1,1451,"SEFU2004401",0
1340,1241,105556,0,1450,"ZCSU8781532",0
1341,1242,105649,0,1452,"ZCSU8932691",0
1342,1243,105720,2,1453,"SMLU7873539",0
1343,1244,105805,1,1454,"TCNU8074514",0
1344,1245,105853,0,1455,"ZCSU8541110",0
1345,1246,105945,2,1457,"UESU4763380",0
1346,1247,106043,2,1456,"SEGU4015991",0
1347,1248,106147,2,1458,"SEFU4211861",0
1348,1249,106372,2,1461,"ZCSU8247363",0
1349,1250,106543,2,1462,"FCIU9360707",0
1350,1251,106462,2,1463,"SMLU7878994",0
1351,1252,106639,2,1464,"SEFU4216375",0
1352,1253,106764,2,1466,"TCNU4853650",0
1353,1254,106828,2,1467,"SMLU7900296",0
1354,1255,106694,2,1465,"TCNU8267766",0
1355,1256,106998,2,1469,"SEGU5080477",0
1357,1257,106924,2,1468,"ZCSU7109185",0
1360,1258,107061,2,1471,"TCNU8185523",0
1361,1259,107136,2,1470,"FSCU6968058",0
1362,1260,107215,2,1472,"SMLU7896600",0
1363,1261,107285,2,1473,"SEFU4215580",0
1364,1262,107351,2,1474,"SMLU7907500",0
1365,1263,107584,2,1477,"SMLU7893730",0
1366,1264,107432,2,1475,"SMLU7892380",0
1367,1265,107495,2,1476,"SMLU7846240",0
1368,1266,107673,2,1479,"CAXU9148857",0
1369,1267,108602,2,1491,"ZCSU8521900",0
1370,1268,107748,2,1480,"SEGU5082016",0
1371,1269,108523,2,1490,"ZCSU8716157",0
1372,1270,108267,2,1487,"ZCSU8939485",0
1373,1271,108439,2,1489,"TCLU5264956",0
1374,1272,108353,2,1488,"ZCSU8430991",0
1375,1273,107974,2,1483,"TGHU8907124",0
1376,1274,107810,2,1481,"SMLU7851150",0
1377,1275,107890,2,1482,"BSIU9090487",0
1378,1276,108056,2,1484,"SMLU7845373",0
1379,1277,108678,2,1492,"PGTU9145048",0
1380,1278,108744,2,1493,"SEFU4212410",0
1381,1279,108800,1,1494,"SEFU4212615",0
1382,1280,109060,2,1498,"SMLU5448398",0
1385,1282,108897,2,1496,"SMLU7837357",0
1386,1283,108977,2,1497,"TCNU9917070",0
1387,1284,109381,2,1502,"ZCSU2551661",0
1388,1285,108142,2,1486,"ZCSU7073360",0
1389,1286,108847,2,1495,"ZCSU8650743",0
1390,1287,108188,2,1485,"ZCSU8822267",0
1391,1288,109502,2,1504,"SMLU7831322",0
1392,1289,109446,2,1505,"SMLU7874561",0
1393,1290,109383,2,1503,"SMLU7837779",0
1394,1291,109719,2,1508,"CLHU8812126",0
1395,1292,109937,2,1511,"TEMU6679039",0
1396,1293,109131,2,1499,"TCNU8775216",0
1397,1294,109769,2,1509,"CLHU8589964",0
1398,1295,110028,2,1512,"SMLU7885904",0
1399,1296,110113,2,1513,"SMLU5448340",0
1400,1297,109854,2,1510,"SMLU7878211",0
1401,1298,110211,2,1514,"SMLU5459290",0
1402,1299,109562,2,1506,"TGHU9350120",0
1403,1300,109635,2,1507,"ZCSU8491209",0
1404,1301,109302,2,1500,"ZCSU7096560",0
1405,1302,109222,2,1501,"ZCSU8992690",0
1406,1303,110277,2,1515,"FCIU8716115",0
1407,1304,110366,2,1516,"ZCSU8932705",0
1408,1305,110458,2,1517,"GVCU5323750",0
1409,1306,110652,2,1518,"FSCU9932463",0
1410,1307,110564,2,1519,"TGHU7907243",0
1411,1308,110749,1,1520,"CAXU6743727",0
1412,1309,110880,2,1523,"SMLU5436041",0
1413,1310,111121,1,1526,"TEMU3982988",0
1414,1311,110791,2,1522,"ZCSU8893640",0
1415,1312,110955,2,1524,"CRSU9011682",0
1416,1313,111039,2,1525,"ZCSU8194160",0
1417,1314,111160,2,1527,"FCIU8990893",0
1419,1316,111252,2,1528,"PVSKIN33740",0
1420,1317,111294,2,1529,"CLHU8523782",0
1421,1318,111662,2,1533,"SEFU4208045",0
1422,1319,111486,2,1531,"ZCSU7100465",0
1424,1321,111388,2,1530,"SMLU7887960",0
1425,1322,111582,2,1532,"ZCSU8866368",0
1426,1323,111909,2,1536,"SEGU4152211",0
1427,1324,111816,2,1534,"SMLU7885566",0
1428,1325,111717,2,1535,"ZCSU7094953",0
1429,1326,111962,1,1537,"SEGU1066974",0
1430,1327,112080,2,1539,"ZCSU8587580",0
1431,1328,111990,2,1538,"SMLU7860505",0
1434,1329,112158,2,1541,"WWWU9712001",0
1435,1330,112208,2,1542,"ZCSU8995914",0
1436,1331,112359,2,1545,"TGHU9058546",0
1437,1332,112302,2,1543,"SEFU4210459",0
1438,1333,112450,2,1544,"DFSU6535723",0
1439,1334,112557,2,1546,"CRSU9347091",0
1440,1335,112659,2,1547,"SEFU4214346",0
1441,1336,112702,2,1548,"ZCSU8635775",0
1443,1337,112799,2,1549,"ZCSU8927118",0
1444,1338,113061,2,1551,"SEFU4211250",0
1446,1339,112889,2,1550,"ZCSU8276042",0
1447,1340,112971,2,1552,"ZCSU8794801",0
1448,1341,113117,2,1554,"SEFU4210994",0
1449,1342,113169,2,1553,"SMLU7873420",0
1450,1343,113233,2,1555,"CRXU9503494",0
1451,1344,113464,1,1559,"SEFU2010997",0
1455,1345,113668,2,1558,"SEFU4214325",0
1457,1346,113491,2,1560,"TRLU7039932",0
1458,1347,113585,2,1561,"SMLU7874849",0
1460,1348,113865,2,1565,"SMLU7836643",0
1461,1349,113724,2,1563,"GESU6901654",0
1462,1350,113794,2,1564,"TCNU8855857",0
1463,1351,113967,2,1566,"UESU5225841",0
1464,1352,114313,1,1570,"SEFU2008963",0
1465,1353,114212,2,1569,"SMLU7894486",0
1466,1354,114059,2,1567,"AMFU8663575",0
1467,1355,114140,2,1568,"SMLU7867768",0
1468,1356,114437,2,1574,"SEFU4206320",0
1469,1357,114346,2,1572,"ZCSU8891273",0
1470,1358,114668,2,1575,"SEFU4213695",0
1471,1359,114715,1,1576,"SEFU2002712",0
1472,1360,114732,2,1577,"BSIU9687425",0
1473,1361,114900,2,1579,"TRLU8137023",0
1474,1362,114994,2,1580,"TRLU7332489",0
1476,1363,114821,2,1578,"TCKU9354217",0
1477,1364,115088,2,1581,"CAXU9217813",0
1478,1365,115260,2,1583,"SEFU4206757",0
1479,1366,115167,2,1582,"SMLU7876137",0
1480,1367,115542,2,1586,"ZCSU8238654",0
1481,1368,115319,2,1584,"TCKU9208280",0
1482,1369,115466,2,1587,"ZCSU7090644",0
1483,1370,115375,2,1585,"SMLU7918269",0
1484,1371,115807,2,1590,"SEFU4200656",0
1485,1372,115629,2,1588,"XIN8115950 ",0
1486,1373,115870,2,1591,"SMLU7897910",0
1487,1374,115717,2,1589,"ZCSU7100980",0
1488,1375,116114,2,1594,"TGHU8280142",0
1489,1376,116204,2,1592,"CMCU4965922",0
1490,1377,116020,2,1593,"ZCSU8434575",0
1491,1378,116327,2,1596,"TEMU6650518",0
1492,1379,116524,2,1598,"SMLU7896787",0
1493,1380,116251,2,1595,"TCNU8543740",0
1494,1381,116425,2,1597,"FCIU8967960",0
1495,1382,116726,2,1601,"SMLU7837418",0
1496,1383,116657,2,1600,"SMLU7922504",0
1497,1384,116822,2,1602,"FSCU6332676",0
1498,1385,116576,2,1599,"ZCSU8649399",0
1499,1386,116964,2,1603,"CXDU1780411",0
1500,1387,116879,2,1605,"TCNU5542334",0
1501,1388,117016,2,1604,"SMLU7884636",0
1502,1389,117107,2,1606,"SMLU7833264",0
1503,1390,117152,2,1607,"ZCSU8849503",0
1504,1391,117230,2,1608,"UESU4745140",0
1505,1392,117476,2,1612,"TCNU8548188",0
1506,1393,117296,2,1610,"SMLU7845882",0
1507,1394,117359,1,1609,"TTNU3590613",0
1508,1395,117390,2,1611,"ZCSU8491831",0
1509,1396,117662,2,1614,"SMLU7885139",0
1510,1397,117557,2,1613,"SMLU7839914",0
1511,1398,118005,2,1617,"SMLU7872574",0
1512,1399,117832,2,1615,"SMLU7842991",0
1513,1400,117754,2,1618,"ZCSU8667685",0
1514,1401,117924,2,1616,"SMLU7837613",0
1515,1402,118061,2,1620,"SMLU7850636",0
1516,1403,118102,2,1621,"SMLU7864619",0
1517,1404,118184,2,1622,"SMLU7825356",0
1518,1405,118266,2,1619,"ZCSU8611080",0
1519,1406,118344,2,1623,"SMLU7915228",0
1521,1408,118392,1,1624,"SMLU2577302",0
1522,1409,118491,2,1626,"TCNU4396657",0
1523,1410,118422,2,1625,"DFSU6536479",0
1524,1411,118565,2,1627,"SMLU7883049",0
1525,1412,118799,2,1629,"TCNU4248264",0
1526,1413,118702,1,1633,"SMLU2579305",0
1527,1414,118652,2,1632,"SMLU7825870",0
1528,1415,118870,2,1630,"TCNU5327970",0
1529,1416,118951,2,1631,"TRLU8135308",0
1530,1417,118728,2,1628,"ZCSU8711900",0
1531,1418,119035,2,1634,"UESU5234653",0
1532,1419,119096,2,1635,"ZCSU8674431",0
1533,1420,119412,2,1639,"SMLU7868701",0
1534,1421,119196,2,1636,"TCNU4858550",0
1535,1422,119265,2,1637,"SMLU7915320",0
1536,1423,119348,2,1638,"SMLU7861780",0
1537,1424,119490,2,1647,"CMCU4965861",0
1538,1425,119524,2,1648,"FCIU9430044",0
1539,1426,119675,2,1643,"FCIU8635820",0
1540,1427,119756,2,1649,"SMLU7865092",0
1541,1428,119834,2,1650,"SMLU7853677",0
1542,1429,119914,2,1644,"GESU5482810",0
1543,1430,119585,2,1642,"TEMU8111876",0
1544,1431,120038,1,1652,"GLDU5286855",0
1545,1432,119986,2,1651,"BSIU9726120",0
1546,1433,120066,2,1653,"ZCSU8641989",0
1547,1434,120235,2,1655,"SMLU7885397",0
1548,1435,120319,2,1656,"SMLU7853609",0
1549,1436,120157,2,1654,"ZCSU8691110",0
1550,1437,120725,2,1661,"CMCU4952015",0
1551,1438,120655,2,1660,"CAXU8081912",0
1552,1439,120416,2,1657,"SEGU5432515",0
1553,1440,120488,2,1658,"SMLU7858323",0
1554,1441,120563,2,1659,"SMLU7843318",0
1555,1442,120793,2,1662,"BSIU9716400",0
1556,1443,120871,2,1663,"ZCSU8778945",0
1557,1444,121135,2,1667,"ZCSU8727589",0
1558,1445,120944,2,1664,"SMLU7930177",0
1559,1446,121020,2,1665,"CXDU1779750",0
1561,1448,121201,2,1666,"SMLU7853996",0
1562,1449,121298,2,1673,"SEGU5661379",0
1563,1450,121366,2,1674,"CMCU4966683",0
1564,1451,121569,2,1672,"SMLU7904630",0
1565,1452,121409,2,1670,"SMLU7868790",0
1566,1453,121479,2,1671,"SMLU7933319",0
1567,1454,121674,2,1675,"BSIU9695647",0
1568,1455,121715,2,1676,"FCIU9429589",0
1570,1456,121855,2,1680,"ZCSU7039637",0
1571,1457,121943,2,1681,"TCNU4427676",0
1573,1458,122027,2,1682,"SEGU5682520",0
1574,1459,122123,2,1683,"SMLU7937459",0
1575,1460,122222,2,1684,"SMLU7917447",0
1577,1461,122411,2,1686,"CMCU4965922",0
1578,1462,122477,1,1687,"BEAU2390939",0
1579,1463,122516,2,1688,"ZCSU7083650",0
1580,1464,122609,2,1689,"ZCSU8579291",0
1581,1465,122697,2,1690,"TGHU9386503",0
1582,1466,123007,2,1694,"TCNU5849629",0
1583,1467,122846,2,1692,"DFSU6943181",0
1584,1468,122765,2,1691,"ZCSU8941076",0
1585,1469,122933,2,1693,"ZCSU8508240",0
1586,1470,123106,2,1695,"FCIU8415934",0
1587,1471,123203,2,1696,"GESU5557035",0
1588,1472,123280,2,1697,"ZCSU8976391",0
1589,1473,123364,2,1698,"ZCSU8673836",0
1590,1474,123457,2,1699,"ZCSU8939947",0
1591,1475,123545,2,1700,"ZCSU8698644",0
1592,1476,123631,2,1701,"SMLU7895712",0
1594,1477,123926,2,1704,"CMCU4972048",0
1595,1478,123734,2,1702,"TCNU7261212",0
1596,1479,123831,2,1703,"SMLU7912907",0
1597,1480,123980,1,1705,"UETU2042218",0
1598,1481,124080,2,1707,"CMCU4968367",0
1599,1482,124009,2,1706,"TCNU8361622",0
1600,1483,124140,2,1708,"UESU5198474",0
1602,1484,124229,2,1709,"ZCSU8875483",0
1604,1485,124408,2,1711,"ZCSU8800550",0
1605,1486,124313,2,1710,"TCNU4250235",0
1606,1487,124478,2,1712,"SMLU7882778",0
1607,1488,124785,2,1713,"SEFU4216170",0
1608,1489,124558,2,1714,"GESU6754363",0
1609,1490,124828,1,1717,"SEFU2010847",0
1610,1491,124626,2,1715,"ZCSU8695959",0
1611,1492,124700,2,1716,"ZCSU8446025",0
1612,1493,125161,2,1722,"SEGU5263987",0
1613,1494,125131,2,1721,"BSIU9705998",0
1614,1495,125208,2,1723,"AMFU8730328",0
1615,1496,125045,2,1720,"SMLU7836366",0
1617,1497,124953,2,1719,"BMOU4584141",0
1618,1498,124847,2,1718,"TCLU5121106",0
1619,1499,125290,1,1725,"SMLU2549445",0
1620,1500,125313,2,1724,"CMCU4953304",0
1621,1501,125364,2,1728,"ZCSU7038456",0
1622,1502,125456,2,1727,"ZCSU8213450",0
1623,1503,125640,2,1729,"SMLU7890074",0
1624,1504,125546,2,1726,"SMLU7875125",0
1625,1505,125790,2,1733,"FSCU8170281",0
1626,1506,125719,2,1730,"BMOU6058423",0
1627,1507,125874,2,1732,"SMLU7868337",0
1628,1508,125957,2,1731,"SMLU7884636",0
1629,1509,126048,2,1734,"SEGU4211103",0
1630,1510,126111,2,1737,"SMLU7887234",0
1631,1511,126186,2,1738,"SMLU7836638",0
1632,1512,126261,2,1739,"SMLU7935517",0
1633,1513,126338,2,1735,"ZCSU8748318",0
1634,1514,126431,2,1736,"ZCSU8463125",0
1635,1515,126566,2,1743,"SMLU7882335",0
1636,1516,126479,2,1742,"SMLU7931023",0
1637,1517,126632,1,1741,"BEAU2454205",0
1638,1518,126662,2,1740,"CMCU4966683",0
1639,1519,126754,2,1744,"ZCSU8831715",0
1640,1520,126720,2,1745,"CMCU4962081",0
1641,1521,126875,2,1746,"ZCSU8419436",0
1642,1522,126945,2,1747,"ZCSU8736739",0
1643,1523,126803,2,1748,"ZCSU8568698",0
1644,1524,127006,2,1749,"TCNU4263042",0
1645,1525,127079,2,1750,"ZCSU8715356",0
1646,1526,127157,2,1751,"TCNU4426176",0
1647,1527,127232,2,1752,"ZCSU8751414",0
1648,1528,127381,2,1753,"BSIU9133378",0
1649,1529,127312,2,1754,"SMLU7930217",0
1653,1533,127587,2,1757,"ZCSU8642270",0
1654,1534,127645,2,1758,"ZCSU8776428",0
1655,1535,127728,2,1759,"TCNU5644887",0
1656,1536,127794,2,1760,"ZCSU8644910",0
1657,1537,127870,2,1761,"FSCU8177882",0
1658,1538,127941,2,1762,"SEGU4204315",0
1659,1539,128008,2,1763,"BSIU9775784",0
1660,1540,128155,2,1765,"SMLU7908126",0
1661,1541,128081,2,1764,"SMLU7924019",0
1662,1542,128402,2,1769,"ZCSU8490007",0
1663,1543,128457,2,1770,"ZCSU7065528",0
1664,1544,128525,2,1771,"ZCSU8731510",0
1665,1545,128589,2,1772,"TCNU5349794",0
1666,1546,128667,2,1773,"UETU5273946",0
1667,1547,128748,2,1774,"BMOU4550901",0
1668,1548,128826,2,1775,"GLDU7407489",0
1669,1549,128903,2,1776,"ZCSU7000569",0
1670,1550,128976,2,1777,"ZCSU7022737",0
1671,1551,129063,2,1778,"ZCSU7055638",0
1672,1552,128235,2,1766,"BSIU9719501",0
1673,1553,128351,2,1768,"SEFU4504788",0
1674,1554,128290,2,1767,"CMCU4547368",0
1675,1555,129155,2,1779,"FSCU9528153",0
1676,1556,129422,2,1780,"CMCU4955858",0
1677,1557,129288,2,1781,"CMCU4601535",0
1678,1558,129344,2,1782,"CMCU4600837",0
1679,1559,129742,2,1783,"ZCSU8910408",0
1680,1560,129643,2,1784,"ZCSU7032925",0
1681,1561,129570,2,1785,"ZCSU8878477",0
1682,1562,129482,2,1786,"ZCSU8424577",0
1683,1563,129815,2,1787,"ZCSU8616060",0
1684,1564,129917,2,1788,"SMLU7839431",0
1685,1565,130003,2,1789,"FCIU8439638",0
1686,1566,130106,2,1790,"BSIU2966095",0
1687,1567,130213,2,1792,"ZCSU8766040",0
1688,1568,130295,2,1793,"CLHU8832924",0
1689,1569,130139,2,1791,"CLHU9009171",0
1690,1570,130392,1,1794,"TCNU8548207",0
1691,1571,130482,2,1796,"ZCSU8972858",0
1692,1572,130731,2,1795,"BSIU9722043",0
1693,1573,130561,2,1798,"ZCSU8810585",0
1694,1574,130627,2,1797,"SMLU7909502",0
1695,1575,130804,2,1799,"CMCU4953644",0
1696,1576,130847,2,1800,"SEGU5809363",0
1697,1577,130933,2,1801,"SMLU7876137",0
1698,1578,131079,2,1802,"TCNU4634349",0
1699,1579,131177,2,1805,"CMCU4963555",0
1701,1580,131006,2,1804,"SMLU7892924",0
1702,1581,131514,2,1809,"TGHU9212733",0
1703,1582,131333,2,1807,"BSIU9692587",0
1704,1583,131422,2,1808,"SMLU7913821",0
1705,1584,131235,2,1806,"BSIU9752330",0
1706,1585,131576,2,1811,"TGHU6046367",0
1707,1586,131746,2,1810,"BSIU9795477",0
1708,1587,131650,2,1812,"SMLU7880630",0
1709,1588,131935,2,1816,"SMLU7829536",0
1710,1589,131906,1,1815,"BEAU2389820",0
1711,1590,131880,2,1814,"CMCU4953639",0
1712,1591,131800,2,1813,"ZCSU8608316",0
1713,1592,132182,2,1819,"SMLU7899929",0
1714,1593,132267,2,1820,"SEGU5205487",0
1715,1594,132017,2,1817,"ZCSU8528102",0
1716,1595,132105,2,1818,"ZCSU8911235",0
1717,1596,132499,2,1823,"TGHU8852839",0
1718,1597,132412,2,1822,"SMLU7929411",0
1719,1598,132329,2,1821,"ZCSU8864051",0
1720,1599,132557,2,1824,"CXDU2041782",0
1721,1600,132611,2,1825,"SMLU7884169",0
1722,1601,132780,2,1827,"ZCSU8775231",0
1723,1602,132689,2,1826,"ZCSU8775231",0
1724,1603,132971,2,1830,"FSCU9411676",0
1725,1604,132859,1,1828,"FSCU9327816",0
1726,1605,132905,2,1829,"SMLU7945135",0
1727,1606,133079,2,1832,"FCIU8530732",0
1728,1607,133203,2,1833,"SMLU7889108",0
1729,1608,133057,1,1831,"CMCU2114440",0
1730,1609,133139,2,1834,"ZCSU8707047",0
1731,1610,133542,2,1838,"CMCU4953412",0
1732,1611,133289,2,1835,"SMLU7895923",0
1733,1612,133459,2,1837,"GVDU5071163",0
1734,1613,133381,2,1836,"SMLU7937314",0
1735,1614,133608,2,1839,"FSCU9172592",0
1736,1615,133670,2,1840,"ZCSU7004501",0
1737,1616,133758,2,1841,"SMLU7831488",0
1738,1617,133973,2,1845,"SEFU4216605",0
1739,1618,133897,2,1842,"FCIU8912946",0
1740,1619,133842,2,1843,"ZCSU8362639",0
1741,1620,134123,2,1844,"SMLU7859192",0
1742,1621,134509,2,1850,"SEGU5669317",0
1743,1622,134208,2,1846,"ZCSU8512750",0
1744,1623,134282,2,1847,"ZCSU8940254",0
1745,1624,134356,2,1848,"ZCSU8688245",0
1746,1625,134426,2,1849,"SMLU7900613",0
1747,1626,134738,2,1853,"SMLU7911599",0
1748,1627,134653,2,1852,"ZCSU8923215",0
1749,1628,134580,2,1851,"TCNU5335173",0
1750,1629,134794,2,1854,"ZCSU8568419",0
1751,1630,134862,2,1855,"TEMU6848859",0
1752,1631,135039,2,1857,"CAIU9053132",0
1753,1632,134948,2,1856,"SMLU7950131",0
1754,1633,135411,2,1862,"SEFU4214454",0
1755,1634,135244,2,1860,"ZCSU8781790",0
1756,1635,135453,1,1863,"SMLU7947288",0
1757,1636,135093,2,1858,"BSIU9696643",0
1760,1637,135160,2,1859,"ZCSU8850530",0
1761,1638,135660,2,1866,"SEFU4215790",0
1762,1639,135493,2,1864,"ZCSU8501797",0
1763,1640,135582,2,1865,"ZCSU8864806",0
1764,1641,135322,2,1861,"FSCU8255882",0
1766,1642,135704,2,1867,"FCIU8955629",0
1767,1643,136056,2,1871,"CRXU9922818",0
1768,1644,135966,2,1870,"SMLU7933849",0
1769,1645,135789,2,1868,"ZCSU8813476",0
1770,1646,135888,2,1869,"JXLU8817620",0
1771,1647,136358,1,1875,"SEFU2011571",0
1772,1648,136298,2,1874,"BSIU9706459",0
1773,1649,136456,2,1873,"SMLU7925714",0
1774,1650,136545,2,1872,"SMLU7937000",0
1775,1651,136636,2,1877,"FSCU9645571",0
1776,1652,136685,2,1876,"TEMU6775412",0
1778,1653,136753,2,1878,"SMLU7945270",0
1779,1654,136905,2,1880,"CAIU8233470",0
1780,1655,137036,2,1882,"CMCU4965774",0
1781,1656,136837,2,1879,"ZCSU8567541",0
1782,1657,136962,2,1881,"CAIU8621156",0
1783,1658,137398,2,1887,"FCIU9428962",0
1784,1659,137264,2,1885,"SMLU7890201",0
1785,1660,137183,2,1884,"ZCSU8892074",0
1786,1661,137345,2,1886,"SEGU5082741",0
1787,1662,137099,2,1883,"TCNU6838608",0
1788,1663,137672,1,1891,"CMCU2109547",0
1789,1664,137687,2,1892,"SEGU5337009",0
1790,1665,137425,2,1888,"ZCSU8919684",0
1791,1666,137515,2,1889,"ZCSU7095815",0
1792,1667,137591,2,1890,"SMLU7941778",0
1793,1668,137757,2,1894,"BSIU9801163",0
1794,1669,137987,2,1897,"CAIU8871176",0
1795,1670,138153,2,1899,"ZCSU8448080",0
1796,1671,137800,2,1893,"CMCU4950901",0
1797,1672,137843,2,1895,"SMLU7911897",0
1798,1673,137914,2,1896,"BSIU9424270",0
1799,1674,137987,2,1897,"CAIU8871176",0
1800,1675,138076,2,1898,"ZCSU8991821",0
1801,1676,138472,2,1903,"SMLU7889469",0
1802,1677,138313,2,1901,"GESU4805029",0
1803,1678,138531,2,1904,"ZCSU8698080",0
1804,1679,138392,2,1902,"ZCSU8795238",0
1805,1680,138907,2,1910,"SEGU5761444",0
1806,1681,138622,2,1905,"CMCU4965795",0
1807,1682,138672,2,1906,"CMCU4956031",0
1808,1683,138785,2,1908,"DFSU6210461",0
1809,1684,138715,2,1907,"SMLU7912764",0
1810,1685,138845,2,1909,"ZCSU8974510",0
1811,1686,138984,2,1911,"TCNU8765959",0
1812,1687,139149,2,1912,"CMCU4966111",0
1813,1688,139200,2,1913,"CMCU4958522",0
1814,1689,139309,2,1916,"ZCSU8708763",0
1815,1690,139068,2,1914,"FSCU9092840",0
1816,1691,139235,2,1915,"TCNU5550432",0
1817,1692,139778,2,1922,"FSCU6840785",0
1818,1693,139465,2,1917,"CRXU9951570",0
1819,1694,139649,2,1925,"SMLU7944165",0
1820,1695,139389,2,1918,"SMLU7876374",0
1821,1696,139731,2,1921,"CAIU8794866",0
1822,1697,139847,2,1923,"ZCSU8361714",0
1823,1698,139924,2,1924,"TRLU6762274",0
1824,1699,140008,2,1926,"GESU5969963",0
1826,1700,140062,2,1927,"BMOU6194477",0
1827,1701,140112,2,1928,"SMLU7904286",0
1828,1702,140319,2,1931,"ZCSU8777466",0
1829,1703,140249,2,1930,"TCNU6823059",0
1830,1704,140174,2,1929,"SMLU7911270",0
1831,1705,140716,2,1937,"SMLU7909020",0
1832,1706,140807,1,1934,"IPXU3413625",0
1833,1707,140827,2,1938,"SMLU8498480",0
1834,1708,140464,2,1935,"SMLU7931743",0
1835,1709,140394,2,1932,"UESU4764710",0
1836,1710,140630,2,1933,"BHCU4914944",0
1837,1711,140904,2,1939,"UETU5017590",0
1838,1712,140542,2,1936,"SMLU7865826",0
1839,1713,141131,2,1940,"ZCSU7074005",0
1840,1714,141060,2,1941,"ZCSU8803478",0
1841,1715,140977,2,1942,"TCNU8705923",0
1842,1716,141542,2,1947,"SEGU5661255",0
1843,1717,141601,2,1948,"GESU6851527",0
1844,1718,141657,2,1949,"BEAU2470952",0
1845,1719,141208,2,1943,"ZCSU8510968",0
1846,1720,141288,2,1944,"ZCSU7090583",0
1847,1721,141369,2,1945,"ZCSU8413320",0
1848,1722,141463,2,1946,"ZCSU8824188",0
1849,1723,142308,2,1957,"SMLU7871500",0
1851,1724,142375,2,1958,"SMLU7883202",0
1852,1725,141698,2,1950,"CAIU8160769",0
1853,1726,141772,2,1951,"TCNU9504456",0
1854,1727,141855,2,1952,"TCNU4043412",0
1855,1728,142043,2,1954,"FSCU8097452",0
1856,1729,142128,2,1955,"FSCU6836635",0
1857,1730,142757,2,1963,"BSIU9795306",0
1858,1731,142819,2,1964,"SMLU7883202",0
1859,1732,142680,2,1962,"SMLU7877215",0
1860,1733,142513,2,1960,"ZCSU8362074",0
1861,1734,142611,2,1961,"TRLU6904208",0
1862,1735,141944,2,1953,"DFSU6301772",0
1863,1736,142218,2,1956,"ZCSU8652880",0
1864,1737,142437,2,1959,"ZCSU8635435",0
1865,1738,142883,2,1965,"FSCU9802808",0
1866,1739,143222,2,1969,"SMLU7929670",0
1867,1740,142952,2,1967,"SMLU7904711",0
1868,1741,143309,2,1970,"TCNU2313566",0
1869,1742,143408,2,1971,"ZCSU8254830",0
1870,1743,143477,2,1972,"BMOU4514714",0
1871,1744,143563,2,1973,"ZCSU8502371",0
1872,1745,143036,2,1966,"ZCSU8438502",0
1873,1746,143130,2,1968,"TCNU5358693",0
1874,1747,143662,2,1974,"ZCSU7073307",0
1875,1748,143748,2,1975,"DFSU6305227",0
1876,1749,143880,2,1976,"TGHU9875715",0
1877,1750,143969,1,1978,"CMCU2114116",0
1878,1751,143824,2,1977,"TCNU9368030",0
1881,1752,144064,1,1979,"CMCU2111360",0
1882,1753,143995,2,1980,"GESU6851527",0
1883,1754,144784,2,1990,"SMLU7937905",0
1884,1755,144494,2,1986,"SMLU7891050",0
1885,1756,144581,2,1987,"GESU6775221",0
1886,1757,144651,2,1988,"SMLU7954142",0
1887,1758,144733,2,1989,"SMLU7922438",0
1888,1759,144910,1,1992,"BEAU2394111",0
1889,1760,144849,2,1991,"BSIU9801754",0
1890,1761,144083,2,1981,"XINU8130254",0
1891,1762,144173,2,1982,"TCNU2764723",0
1892,1763,144254,2,1983,"TCNU4635406",0
1893,1764,144409,2,1985,"ZCSU8809440",0
1894,1765,144339,2,1984,"ZCSU8453560",0
1895,1766,144999,1,1994,"FCIU3576216",0
1896,1767,144941,2,1993,"SMLU7824684",0
1897,1768,145157,2,1996,"SMLU7890114",0
1898,1769,145252,2,1997,"SMLU7883990",0
1899,1770,145332,2,1998,"SMLU7856233",0
1900,1771,145414,2,1999,"SMLU7895707",0
1901,1772,145500,2,2000,"SMLU7928570",0
1902,1773,145027,2,2001,"SMLU7873890",0
1903,1774,145108,2,1995,"SMLU7859850",0
1904,1775,145843,2,2005,"SEGU5667459",0
1905,1776,145579,2,2004,"SMLU7945768",0
1906,1777,145660,2,2003,"TCNU8571043",0
1907,1778,145752,2,2002,"BMOU5909730",0
1908,1779,146190,2,2010,"CXDU1681002",0
1909,1780,146241,1,2011,"DRYU2122593",0
1911,1781,145908,2,2006,"TCNU9339860",0
1912,1782,145978,2,2007,"SMLU7901775",0
1913,1783,146049,2,2008,"TCNU9441682",0
1914,1784,146116,2,2009,"SMLU7964428",0
1915,1785,146263,2,2012,"SEGU5080498",0
1916,1786,146302,2,2012,"SEGU5080498",0
1917,1787,146299,2,2012,"SEGU5080498",0
1918,1788,146300,2,2012,"SEGU5080498",0
1919,1789,146286,2,2012,"SEGU5080498",0
1920,1790,146476,2,2014,"TRIU8984384",0
1921,1791,146267,2,2012,"SEGU5080498",0
1922,1792,146604,2,2017,"SEGU5264875",0
1923,1793,146285,2,2012,"SEGU5080498",0
1924,1794,146279,2,2012,"SEGU5080498",0
1925,1795,146298,2,2012,"SEGU5080498",0
1926,1796,146296,2,2012,"SEGU5080498",0
1927,1797,146295,2,2012,"SEGU5080498",0
1928,1798,146280,2,2012,"SEGU5080498",0
1929,1799,146305,2,2012,"SEGU5080498",0
1930,1800,146292,2,2012,"SEGU5080498",0
1931,1801,146283,2,2012,"GESU5080498",0
1932,1802,146276,2,2012,"SEGU5080498",0
1933,1803,146273,2,2012,"SEGU5080498",0
1934,1804,146269,2,2012,"SEGU5080498",0
1935,1805,146287,2,2012,"SEGU5080498",0
1936,1806,146268,2,2012,"SEGU5080498",0
1937,1807,146282,2,2012,"SEGU5080498",0
1938,1808,146293,2,2012,"GESU5080498",0
1939,1809,146289,2,2012,"SEGU5080498",0
1940,1810,146281,2,2012,"SEGU5080498",0
1941,1811,146274,2,2012,"SEGU5080498",0
1942,1812,146278,2,2012,"SEGU5080498",0
1943,1813,146297,2,2012,"SEGU5080498",0
1945,1814,146304,2,2012,"SEGU5080498",0
1946,1815,146271,2,2012,"SEGU5080498",0
1947,1816,146264,2,2012,"SEGU5080498",0
1948,1817,146306,2,2012,"SEGU5080498",0
1949,1818,146261,2,2012,"SEGU5080498",0
1950,1819,146309,2,2012,"SEGU5080498",0
1951,1820,146272,2,2012,"SEGU5080498",0
1952,1821,146301,2,2012,"SEGU5080498",0
1953,1822,146310,2,2016,"SMLU7927363",0
1954,1823,146388,2,2015,"SMLU7877874",0
1955,1824,146540,2,2013,"TRLU1668882",0
1956,1825,147162,2,2025,"SMLU7920374",0
1957,1826,147218,1,2026,"SMLU3109100",0
1958,1827,147197,2,2025,"SMLU7920374",0
1959,1828,147192,2,2025,"SMLU7920374",0
1960,1829,147198,2,2025,"SMLU7920374",0
1961,1830,146903,2,2018,"ZCSU6544573",0
1963,1831,146669,2,2020,"FCIU8477181",0
1964,1832,146760,2,2021,"SMLU7888919",0
1965,1833,146828,2,2022,"SMLU5444216",0
1966,1834,146967,2,2023,"INKU6168858",0
1967,1835,147030,2,2024,"SMLU5439499",0
1968,1836,147250,2,2028,"BMOU4114981",0
1969,1837,147292,2,2029,"SMLU7924750",0
1970,1838,147943,1,2038,"SMLU8500416",0
1971,1839,147512,2,2032,"ZCSU8533264",0
1973,1840,147661,2,2036,"SMLU7906421",0
1974,1841,148019,2,2040,"SMLU7873117",0
1975,1842,147875,2,2033,"SMLU7951523",0
1976,1843,147601,2,2037,"TEMU9463995",0
1977,1844,147946,2,2039,"SMLU7896529",0
1978,1845,147727,2,2035,"CXDU1877572",0
1979,1846,147800,2,2034,"SMLU7876353",0
1982,1847,147091,2,2019,"ZCSU8795639",0
1983,1848,148371,2,2044,"CRXU9736288",0
1984,1849,148506,2,2043,"AMFU8589117",0
1985,1850,148404,2,2042,"SMLU7844417",0
1986,1851,148448,2,2056,"SMLU7910566",0
1988,1852,148099,2,2050,"ZCSU8517010",0
1989,1853,148164,2,2051,"ZCSU8253005",0
1990,1854,148300,2,2055,"ZCSU8505853",0
1991,1855,148239,2,2054,"TCNU2503381",0
1992,1856,148846,2,2045,"TEMU9464100",0
1993,1857,148781,2,2046,"TEMU9098146",0
1994,1858,148901,2,2047,"BMOU9851528",0
1995,1859,148709,2,2049,"FCIU8496767",0
1996,1860,148978,2,2048,"SMLU7861918",0
1997,1861,149471,2,2063,"SMLU5453970",0
1998,1862,149251,2,2060,"SMLU5455571",0
1999,1863,149193,2,2059,"SMLU5458396",0
2000,1864,149667,2,2066,"SMLU7896452",0
2001,1865,149625,2,2067,"SMLU7835502",0
2002,1866,149735,2,2065,"SMLU7873009",0
2004,1867,149776,2,2068,"CRSU9099740",0
2005,1868,149068,2,2057,"SMLU5467757",0
2006,1869,149136,2,2058,"SMLU5444772",0
2007,1870,149408,2,2062,"SMLU5444242",0
2008,1871,149330,2,2061,"SMLU5450440",0
2009,1872,149553,2,2064,"BMOU5891501",0
2011,1874,149934,2,2070,"SEGU9521950",0
2012,1875,150272,2,2076,"FCIU9357914",0
2013,1876,149847,2,2069,"TCNU2299745",0
2014,1877,150001,2,2071,"SMLU7964304",0
2015,1878,150398,2,2075,"SMLU7851294",0
2016,1879,150446,2,2077,"SMLU7914751",0
2017,1880,150345,2,2074,"BSIU9039079",0
2018,1881,150083,2,2072,"TCNU8053276",0
2019,1882,150170,2,2073,"CAXU9338902",0
2020,1883,150551,2,2080,"SMLU7898970",0
2021,1884,150631,2,2081,"SMLU7864666",0
2022,1885,150710,2,2082,"SMLU5461701",0
2023,1886,150883,2,2085,"FCIU8892747",0
2025,1887,150922,2,2086,"SMLU7909483",0
2026,1888,150839,2,2084,"BSIU9163562",0
2027,1889,150780,2,2083,"GESU4994663",0
2028,1890,151016,2,2087,"SMLU5449389",0
2029,1891,151102,2,2088,"SMLU7900866",0
2030,1892,151172,2,2089,"SMLU7869734",0
2032,1894,151347,2,2092,"SMLU5446800",0
2033,1895,151450,2,2093,"SMLU7959777",0
2034,1896,151397,2,2091,"SMLU7866632",0
2035,1897,151765,2,2094,"BSIU9801800",0
2036,1898,151819,1,2098,"SMLU2575341",0
2037,1899,151690,2,2097,"CAIU5544930",0
2038,1900,151606,2,2096,"SMLU7943786",0
2039,1901,151534,2,2095,"SMLU7936405",0
2040,1902,151845,2,2099,"GESU6170919",0
2041,1903,151910,2,2100,"SMLU7938389",0
2042,1904,151993,2,2101,"BMOU4186359",0
2043,1905,152312,2,2105,"CMCU4956129",0
2044,1906,152085,2,2102,"SMLU7963695",0
2045,1907,152160,2,2103,"SMLU7910268",0
2046,1908,152227,2,2104,"SMLU7906967",0
2047,1909,152412,1,2109,"BEAU2394195",0
2048,1910,152370,2,2110,"BSIU9701483",0
2049,1911,152439,2,2107,"SMLU7894681",0
2050,1912,152536,2,2108,"GLDU7382483",0
2051,1913,152616,2,2106,"SMLU7841146",0
2052,1914,152895,2,2114,"TGHU6289557",0
2053,1915,152689,2,2113,"FCIU8456722",0
2054,1916,152941,1,2115,"SEFU2010148",0
2055,1917,152840,2,2111,"CAIU8104934",0
2056,1918,152777,2,2112,"SMLU7956274",0
2057,1919,152962,2,2116,"ZCSU8541790",0
2058,1920,153022,2,2117,"SEFU4211500",0
2060,1922,153080,2,2118,"CRSU9100476",0
2061,1923,153155,2,2119,"TCNU8115059",0
2062,1924,153350,1,2121,"SEFU2009907",0
2063,1925,153290,2,2122,"CXDU1048864",0
2064,1926,153229,2,2120,"SMLU7943934",0
2065,1927,153452,2,2124,"TGHU9347786",0
2066,1928,153524,2,2123,"ZCSU8485377",0
2067,1929,153594,2,2127,"BSIU9801142",0
2068,1930,153370,2,2125,"SMLU7958549",0
2069,1931,153725,1,2133,"FSCU3488069",0
2070,1932,153824,2,2131,"SMLU7902391",0
2071,1933,153740,2,2130,"TCNU9783854",0
2072,1934,153670,2,2128,"FCIU9429655",0
2073,1935,154092,2,2135,"TCNU8774360",0
2074,1936,154153,2,2139,"SMLU7925118",0
2075,1937,154236,2,2137,"CRSU9075310",0
2076,1938,153932,2,2134,"TCNU9886404",0
2077,1939,154017,2,2138,"SMLU7859309",0
2078,1940,154381,2,2141,"SMLU7896679",0
2079,1941,154298,2,2140,"BMOU4001732",0
2080,1942,153858,2,2132,"BSIU9706103",0
2081,1943,154523,1,2143,"SEFU2011437",0
2082,1944,154466,2,2144,"SEGU5081200",0
2083,1945,154542,2,2145,"TGHU8004191",0
2084,1946,154596,2,2146,"TGBU5477394",0
2085,1947,154687,2,2147,"ZCSU8997671",0
2086,1948,154779,2,2148,"GAOU6045214",0
2087,1949,154856,2,2149,"SMLU7902724",0
2088,1950,154942,2,2150,"SMLU7962071",0
2089,1951,155033,2,2152,"SMLU7875104",0
2090,1952,155111,2,2151,"TCLU5344244",0
2091,1953,155190,2,2153,"SMLU7837676",0
2093,1954,155233,2,2154,"SMLU7921262",0
2094,1955,155263,2,2155,"SMLU7952793",0
2095,1956,155560,2,2159,"SMLU7960799",0
2096,1957,155397,2,2157,"SMLU7919687",0
2098,1958,155341,2,2156,"SMLU7896745",0
2099,1959,155479,2,2158,"SMLU7956510",0
2100,1960,155621,2,2160,"SMLU7912640",0
2101,1961,155649,2,2161,"SMLU7888159",0
2103,1962,155855,2,2164,"SMLU7925479",0
2104,1963,155703,2,2162,"SMLU7947415",0
2105,1964,155783,2,2163,"SMLU7874685",0
2106,1965,155943,2,2165,"ZCSU8536480",0
2107,1966,156027,2,2166,"DRYU9105469",0
2108,1967,156103,2,2167,"MAGU5102360",0
2109,1968,156174,2,2170,"SMLU7877350",0
2110,1969,156153,1,2169,"ZIMU2782401",0
2111,1970,156238,2,2171,"SMLU7874793",0
2112,1971,156327,2,2168,"ZCSU8944199",0
2113,1972,156439,2,2172,"TCNU4124108",0
2114,1973,156398,2,2173,"CMCU4959215",0
2115,1974,156582,2,2175,"CXDU1779745",0
2116,1975,156674,2,2176,"SMLU7912785",0
2117,1976,156486,2,2174,"TCNU2607642",0
2118,1977,156723,2,2177,"DFSU6255810",0
2119,1978,156776,1,2178,"BEAU2445902",0
2120,1979,156963,2,2179,"SEGU5190216",0
2121,1980,156885,2,2180,"ZCSU8866558",0
2122,1981,157118,2,2183,"BSIU9113896",0
2123,1982,156794,2,2181,"SMLU7849152",0
2124,1983,157284,2,2185,"CMCU4970298",0
2125,1984,157040,2,2182,"ZCSU8692796",0
2126,1985,157201,2,2184,"SMLU7860212",0
2127,1986,157333,2,2186,"CMCU4965922",0
2128,1987,157468,2,2188,"SMLU7881920",0
2130,1988,157388,2,2187,"SEGU4017021",0
2131,1989,157717,2,2191,"BSIU9712364",0
2132,1990,157548,2,2189,"CRXU9984912",0
2133,1991,157625,2,2190,"SMLU7942938",0
2134,1992,157941,2,2195,"BSIU9586590",0
2135,1993,158187,2,2193,"BMOU6096320",0
2137,1995,158016,2,2196,"ZCSU7056640",0
2138,1996,157850,2,2194,"ZCSU8538815",0
2139,1997,157784,2,2192,"GESU6186828",0
2140,1998,158099,2,2197,"SMLU7935712",0
2141,1999,158274,2,2199,"SMLU7959838",0
2142,2000,158563,2,2203,"BSIU3066610",0
2143,2001,158510,2,2202,"BSIU9703700",0
2144,2002,158588,2,2204,"ZCSU8470090",0
2145,2003,158364,2,2200,"BSIU9680930",0
2146,2004,158440,2,2201,"ZCSU8762609",0
2147,2005,158219,2,2198,"SEGU9520548",0
2148,2006,158622,2,2205,"SEGU9428750",0
2149,2007,158934,1,2210,"BSIU2966599",0
2150,2008,158882,2,2209,"GESU6765861",0
2151,2009,158692,2,2206,"SMLU7940196",0
2153,2010,158738,2,2207,"SMLU7940468",0
2154,2011,158814,2,2208,"SMLU7948664",0
2155,2012,159237,2,2214,"SEGU5264284",0
2156,2013,159313,1,2215,"SEFU2010913",0
2157,2014,159102,2,2217,"TCNU9443685",0
2159,2015,158957,2,2213,"ZCSU8730237",0
2160,2016,159031,2,2211,"ZCSU8801794",0
2161,2017,159182,2,2216,"SEGU9545700",0
2162,2018,159761,2,2224,"CMCU4956005",0
2163,2019,159798,2,2225,"UETU5326563",0
2164,2020,159834,2,2226,"SEFU2010472",0
2165,2021,159405,2,2220,"ZCSU8415678",0
2166,2022,159339,2,2219,"ZCSU8837272",0
2167,2023,159480,2,2218,"ZCSU6518091",0
2169,2024,159697,2,2221,"BMOU9851868",0
2170,2025,159602,2,2222,"FCIU9350801",0
2171,2026,159533,2,2223,"SEGU9502354",0
